"","title","point","review"
"1",":  ","1","ӵǴ  ߿ ڱ  °  ߴµ   丮 Ű  ִ ־ ȭ"
"2","","9"," ߴ "
"3","漭","7","Ϸ   Ϸ ִٰ ǥ ض ƿ"
"4","","6","ظؼ  ׷µ, "
"5","߰ſ ","10","ٶ   ̷ ĳͿ Ưȭ"
"6","߰ſ ","8"," ƴ Ⱑ     ־ϴ. κ ֹ Դϴ.  äο ̽ñ ϴ   ³ ź ߴ ϴ. ٸ 丮  ƽ  ϰ  ȭϴ."
"7","","4","̶̼ ι  ߰  ȭ"
"8","ȳ ϸ","2","   ԰ γ ߱ ѱ  ó  ع  ¯Ѹ  ̿ȭ  "
"9","","4","̶̼ ι  ߰  ȭ"
"10","漭","6","  ԰ µ 丮 ʹ Ʈ  ƴѰ͵ ٵ׳ Ѷ 迡   ڰ  ñؼ ǵ"
"11","߰ſ ","7","ٷ   ȭ ߿ ׳ ϳ׿    ϴ."
"12","ŷ ","10","   ̽ λ!"
"13"," ༮:  ","4","    Ǽ  "
"14","̷Ʈ ׼","1","  γ   10?     ̵  8ÿ ϴµ   ڴ "
"15"," ݺ ũ: ť!!","7","ҵ ⿡ Ұ... õ  ༭ ôµ  ׿ "
"16","߰ſ ","10","ٸ ʿ  ⸸   ȭε 丮  Ҽ 丮 ٰ "
"17","ƹ  ","10"," Ҹ ʹ ƿ."
"18","𰡵","10","սϴ . ߺýϴ"
"19","ȭ翬ȭ","8"," Դ ũ  ʾƼ ׷, ׳ ׳ ְ ýϴ. ߿  ߰ھ"
"20","߰ſ ","8","¯  ϰ ǳ"
"21","Ƽ","8","Ȧ   ȭ  ."
"22","߰ſ ","8","̷ 帣 ̳׿.  ϰ մϴ."
"23"," ּȸ 0","8","ϰ ҽϴ.  ϴ"
"24","   ʴ  ־","7","¦ ƽ Ưؼ ҽϴ"
"25","԰ ⵵ϰ ϶","1","ΰ     . ʹ ʹ ٸ  Ƽ ̰  ϴ..    ھ Ф"
"26"," Ʈ","8"," ʾ "
"27","  ","7","ణ ϱ  ־ϴ"
"28","ö","8"," ÷ε  ͳ׿"
"29"," Ʈ","9","Ƽ   ʳ׿.   ư     ϴ"
"30","߰ſ ","8"," ¥  Ѵ..."
"31","ú","10","ι ġŰ鼭  ͺ ׳ ȭν ؾ  ϴ. ð Ʊʾҽϴ.    Ҹ  ־  ó   κ  Ƽ ⿡    ϴ."
"32"," Ʈ","10"," 忡 ôµ, ̴ Ȩ  մ   ̴ Ⱥ.  ġ .  Ʈ ũƮ   Դ ~!!!!"
"33","̽","6","ΰ ܿ ٸ ĳ͵ ûŸ  ԰ ġ ʴ´."
"34"," ","6"," "
"35"," ","10"," ͽŰȭ   ־ ׿!"
"36","Ǿ","10"," ְ ȭ!!!!"
"37","  ","6","  ýð ϴµ  ai Ϻ ູ  ణ 纸  ai    ູ  ΰ ټ."
"38","","5","׼ ϸ ԹϰŸ    ϰ ٸ ϴ.      ٴ  ."
"39","̻  ","10"," 󸶳  ˰ ִ ȭ"
"40"," 濪 θƼī","5","Ѻ ΰ ĳͰ     Ż ."
"41","׸ ","10","վ վ!"
"42","Ŭ콺","10","Ϻ.Ϻ.Ϻ.Ϻ"
"43","߰ſ ","7","̾° ƴѵ  ְΰ . ٵ, ٵ   ϴ!!"
"44","","6"," η  Ÿ ü ~~׸ װ ıϴ° AI Ȳ 丮"
"45","","10"," ߶  Ƽ...10 帳ϴ."
"46","ġ İô","3","ȭ  ׿. ȸ ǥϷ    ¥ ׿"
"47","߰ſ ","10","ģ+˿  .  18  !"
"48","  - 󿡼 źٱ","10","ƹ 츮 ʹ ؼ Ҹ̾   ϴ  ε °  ³ ϰ "
"49","߰ſ ","9","̷ο̾߱! Դϴ!"
"50","Ƽ ","6","簡 ʹ Ļϰ õϰ ġϴ.  谡 ׷ٱ⺸   ʹ õ. ¿찰  ϰ  θ 㼼  ٺ     λ Ǽì  ."
"51","","7"," 糭 Ŀ ƶ "
"52","߰ſ ","2","ѿ1++ Ư  δ ε ȭ     λ곲ڰ Ҹ ȭ     ȵǼ ڸ ʿ ȭ"
"53","","4"," ߱뷡°Žȭ...? ߱ȭ̰?   ߱̿ ̸ſ"
"54","߰ſ ","10","Ϳ ~ ȭ ̳׿ ο þ伺ϴ  ν մϴָ Ƴ  ѹ  ߰ھõ մϴ"
"55","漭","10","G"
"56","߰ſ ","6","⿬ 찡  Ʊٰ  ̴. 찡 ٺ       ϰ .ĳͺ    ʹ ʰ 'ڱ ̷  ȴٰ?'ϴ   ȭ ι   ΰ  ߴٸ    ְڴ ;."
"57","߰ſ ","10","   ʽϴ.   ֽϴٳ õϸ  õϰ    Ų õ  ٴٿ  ġ ư߸ ϴ° Ÿϴ"
"58"," ","10","ɰ ĳʹ"
"59","߰ſ ","5",""
"60","漭","8","ũƾ ƩƮ Ⱑ Ҵ. ̳ ost ҽϴ."
"61","߰ſ ","4","̾ 뵵 길ϰ пȭ"
"62","ϰ ϰ","10","Ȥ  鸸   ÷ .׳   ߴµ     ̤;;;׼ǽŵ 볪   Ҵµ~~~^^"
"63","ϰ ϰ","10","Ȥ  鸸   ÷ .׳   ߴµ     ̤;;;׼ǽŵ 볪   Ҵµ~~~^^"
"64","   ũ 2 ","10","1  մ 2 ɽ ʰ   ̴ "
"65","","1"," ȭ ϳ ġ  ߾ϴ ġ  ǵ Ǿ ȭ  ̽ ֽùε ļյ г븦 ̿Ϸ ߾ϴ ġ ȯ ٸ  ݼϱ..  ȭ ġ .. ׳ ġ ̾߱⸸  10¥  ֽù ο    ġ  غ  ׿ å ٴ   ȯ  г븦 ̿ ǥ ιۿ ȺӸӸ ޷  ȿ  ϴ ̶     ǥ  ġ ̾ ׵ ..׾ ̿븸 ϴ ںе鸸 ҽ  ļյ鸸 ҽϰ  ȭ.. ׿ܿ ġ ϳ Ⱥҽϰ  Ǹƺ  ȭ ںе  ϴ."
"66"," ó","7","Ǹ ϴµ  ߿ġ ʴٴ ũƮ   ýϴ."
"67","߰ſ ","10","ϳ   Ǵ޿ȭ"
"68","","3","󺸴  ſ µ  ϴ  ̷ ȭ ° ˰ ༭ "
"69"," ʳ 츮","9","ʶ ο   . ʸ    ưžƴ ۰ ༭ "
"70"," ̵ƼƼ","1"," ȭ ٰŸ Ұ  'ƹ   !  ʹٸ   Ķ!'   ġä ƾ ߴµ  ̹ ߳׿.     е  ð Ͽ  帳ϴ.     ð   ð Ƴ ʹٸ   ġʽÿ.  ȭ ƹ  ϴ.   ̶ ϰ   ȭ        ڸ '   ȴ.' ̷   翬    ִ ̾. ٵ     ð 鿩  翬  Ͽϴ. ׷   ̶ ƾ ߴµ  ȭ      ƹ͵  ʴ ǹ ȭ Ǿ.  ȭ ռ     ٸ    ,   ڿ 鿡  ð Ʊ ӾҴٴ     е ϴ.  ð Ƶ  ƴϰ  ʱ ϰ õ. ε ó 鼭 ۺ Ⱑ ɰϰ  ô  ϱ淡    ׷   ϸ   þµ  ȭ ߹ Ѿµ    ̳   Ǯϱ ѵ ̴  , ð ʹ Ʊٴ  . ׷ ׶  ø  ؼ   ġ κи  ٿ 뿡 ؼ ôµ  ƹ ǹ  ȭ  ̾߱ ̶ ʹ ȭ  ׶ 2 3ӱ ÷ ó׿.   ڿ ̷   ̶  󱸿.  ÿ   ͸ ־ ڿ Ű  ־ ̵  ȭ   Ϸ   Ҿ.    ڿ 鵵 ͺ並 ϴ   ȭ   û Ÿ鼭  ִ"
"71","ǥ","10"," 뼭 Ű"
"72","ӽĵ","10","ں  ǰ  ູ ȭ"
"73","","10","ȸ  Ҹ   ְ ȭ"
"74","ޱ","7","Ű  ȭ ִ .н ȣ 򰥸 . ."
"75","߰ſ ","10","¥  ó µ  Ⱑ ǰ̰ л ٶ ̶   ߴµ   ԵȰ ϴ!   ȭ ."
"76"," ƾ","10","θ 簡 ￡ ´پ̷!"
"77",":  ","10","ƴ..  ʹ հԺ µ  ̷..?"
"78","500 ","8","߰ſ    ãƿ"
"79","ġ   ","2"," 䳪 ̸ֹ ̳?   "
"80",":  ","2","ġ¦Դϴ..."
"81","","8","Խ] ѷ  2012  հ  밨 Ǵµ   ƴ,  վ. Ŵ ĵ ġ   Ŭϴ. 丮  SF 帣  ϸ źΰ . ѷ   ǰ ȴ."
"82"," ȿ","9","ȭ ٺ   ʹ  ׿ ð ǵ Ÿ ٲٰ  ,  ִ   ,  ߴ   ǰ ǰ ŷ   ٲ  ο  ϸ  ޾Ƶϼ ?"
"83","Ǿ","9","2 ߡ..2 ̴ֶ"
"84","̵ Ʈ","7"," ų   ο õ  鿡Ե~"
"85","","7","̶ Ŵ.   ° °ġ ֺ   ҰԵǴ ."
"86","","10","  ;µ    ŷ Ÿ̳׿ *  Ծ ð ȱ Դϴ ֺ Ҹġ¡ ȭ  ȶ ƽϴ  Ȯ~߱  մϴ"
"87","Ƕ","3","ֳ ̳  巴   ׳   ٶ鼭  ɰ  Ȳ ο Ȱ, ǹٴ  ӿ ְ ڶ ° ఢ ȭ ϴ  Ƕİ Ѹ     ڹ̵ 帣 иϴ.  ڹ̵+ƾ θǽ+ +++ι Ѳ  ;  « Źȴ."
"88","漭","7","   θ    OOO° Ƹٿ򶧹  ʾҴ"
"89","ƹ   ","1","  Ʈ 3ι  ᱹ  װ  ȥ Ƴ ȭ Ʈ     Ʈ .."
"90","  ͽ","10","żϰ վ. ΰ ̰   ָ ŷڸ ׾ư° Ҿƿ"
"91","η ִϿ ","10","ִ ״θ ϱ"
"92","߰ſ ","10"," пȭ å ԰Ժ ȭ ԰  ҽϴ."
"93"," Ȱ","4","԰   Į Ŵ"
"94"," Ʈ","7"," Ʈ 3ð  ʰ . ٵ Եó׸  3ð¥ ȭε 3ð¥  ְ  ʾٰ  ó޳  °ǰ Ÿ ȭ   ϴ°ǰ"
"95","漭","8","   ̴,,  ϳ ġ ϴ ս µ....ũƾ , BGM   Բ 尨 鼭  "
"96","ź ","10","1  մ "
"97"," ּȸ 0","10","̷ʤϤ̱̼֤̾̾ߤ"
"98","Ʊ Ѹ -  ","10","͸ Į  ִٸ Ѹ 浿 ִ"
"99"," ","4","ϰ 丮    ȭ"
"100","߰ſ ","10","ڴ . """"  ȭ   긱 ڰִ."
"101","߰ſ ","10"," Ǵ޿Ⱑ  ¯ "
"102","Ʈ޾ ٸ","7","ı   λ "
"103","","8","ĥ ̸鼭 Ͽ "
"104",", ","9","κ 淡 Ư   ó  ι ȭ    и ϴ κ~! ϳ׿~!"
"105","  ƸƼ","8"," ƸƼ    ˾Ҵµ     °  ε Ʊ..   ƸƼ   ã  ߿ ٽ  ڴ  2  ..?   ʹ Ϳ ູ߾   λ ִϸ̼   "
"106",":  ","7","׳   ȿִ  ¥  Ѵ.  ׻   Ǻδ  ݺ û ."
"107","ູ ","10"," ε . п "
"108","߰ſ ","10"," ε ʹ͸׿ ̳    ʴ¼ ͹ε...  ̾ 尨 ġ ̳ ȭ׿~   մϴ   ⵵ ~~ "
"109","ũȦ","8"," ϰԺ鼭 ϰ ̳"
"110","ī","9","̵  ɷ ùϴ. ׵   . Ҿ ȳ, ˺信 ˺䵵 ƹ  ־ Ҵ."
"111","","6","丮   ̴ Ҿ"
"112","ȭ :  Ų ","10","ϳ  ʾƿ. ٽú , 丮  Դϴ,,,"
"113","","6","ȣ    ̴ 鸸  ٷȴµ ڸ   ϰ  ް ̴  Ĺݺθ ̷ ־ٵ  ƽ"
"114","漭","8","  츮   ֳ̾ İ 뿡 Ͽ"
"115","߰ſ ","10","&ֹ Ⱑ ¥ лߴ"
"116","ҿ","10","ư鼭   ִ ູ ƺ ϴ ȭ"
"117","߰ſ ","2"," ѱȭ ° 𸣰ڴٳ  9 ̴ٸ    鵵 ٸ𸣰ڴ ̷ȭ  "
"118","߰ſ ","10","ֱٵ ؼ ȭ   ̴߰"
"119","ξ  ","5","縦 ѷ Ϻ    ڳฦ  θ ̾߱  ϰ ϰ ִµ, ߹ݺ ܷ Ҹġ   ǵ   ϼ ."
"120","Ƿ","9","ڼ  Ⱑ  ȭ  ȴٰ   ƴ. Ư  ̳  ġ ͹̳͸ Ű. ʹ   Ÿ  ̾߱."
"121","߰ſ ","9","   ¥  ϸ鼭 ôµ 丮  źźؼ  ϸ鼭 ."
"122","߰ſ ","8","丮    λ   ؿ"
"123","߰ſ ","9","   þ ɡ ٸ е      츸  鸲"
"124","߰ſ ","6","¦  ~~~..~~"
"125"," ","10","ͼ ϰ ȭ"
"126"," ","9","̱  ȭ ƹ  ...ȯŸ"
"127","̴:   Ȩ","5"," ĺ ̴  ߴµ ̹ ׳ ݱ Դ Ǵ      ̶..?? ׼ǽ  ͵ ƴϰ..    ߴµ Ǹ̴. 鼭   ߴ"
"128","߰ſ ","10"," 츮  游 ͸ ź!"
"129","͹̳","8","ó Ź.  ȭó ڱ ʰ ϰ հ, ϰ .   ȭ  ô."
"130","̽ ο","3","  ؼ  Ȱ  Ḧ ϴ  ڽ  볪 ڳʿ , ڱ ų Ǹ ġ  δ."
"131","߰ſ ","5","ٶ   ᱹ з Ʊ... ׶ ȵ"
"132","Ʈ","10","ùϰ ϴϽ!!!!"
"133","ι  ϶","1","⸦    ض"
"134","̻  ","10","л  ĺ   丮"
"135","  ","5","ѱ  幮   õߴٴ  ̷Ӱ,   Ű  ϴ.     ó Ѵٸ ׸ ġ ʴ  ."
"136","߰ſ ","4","~~???     ϼž ҵ!  Ⱑ  ܿ ٵ ؼ,, ޵ ȵǰ,,ϱ⸸ ߽ϴ!丮 ¥ӻ ƽ,, õȸ  ͵ ߶̰.... Ҵ ͳ׿,,,"
"137","̻  ","9"," 20 ٷ   µ   Ƽ ׷... 丮 ϴٰ ϴ      հ ýϴ. о⵵  Ծ~~"
"138","߰ſ ","10"," ȫ ģ !!Ư з  ȫ  ~!׸   鵵 ¯¯¯!!!"
"139","̻  ","8"," ߿Ѱ ƴ϶ ã  ߿ϴٰ ϸ鼭 Ѵ  ƴѰ? ϴ ̵ ̷ϴ  Ѵ丸   ִٴ ̵ ׷⿡ Ÿ ϰ  ʴ պκ  հ ô  Ǵ  ʹ ϰ "
"140","߰ſ ","10"," ȭ  "
"141","","10"," ̷ ǳǪѻִٴ° ˰׿ܰ  ƽŻ   վ"
"142","漭","8","ֿ   Ǵ ü 丮º"
"143","߰ſ ","10","⸦  ʹ ϰ ϰ  Ⱑ   ;; "
"144","߰ſ ","6","   ¿   ϴ 𸣰ڽ."
"145","漭","9","ũƾ ƩƮ  ź! ֳ̾  Ϻȭ!ī ~"
"146","Ʈ","9"," ýϴ.    ׿.  ֵ帳 谡 ȣ   ŷ  ߴٰ ϴ."
"147","߰ſ ","9","λ  ȭ߿   !!!쾾   ö׿."
"148"," ","10","̰ Ծ  ϴ ȭ...   常 ϴٰ... ڰ ذ ...   ̱⵵ ϰ... ᱹ     ο  ذ ִ..."
"149","̴:   Ȩ","10"," ̴ǵ Ǵ  ȭ   ־ ʹ Ұ ص  п    ..    Ʊ ȭ.."
"150","漭","8"," ȭ 漭 ī޶  ʴ   شٺҾ, .. ȥ 󸶳  .. ׸ΰ ; , , ڳ    ޷ֱ⿡ ᱹ ڽ  ׳, ֳ̾ 漭.Ŀ    ս    Ƹٿ ں   ӿ ֽϴ!"
"151","߰ſ ","8","̷ ͸  𾲴. ,   丮 庮  ѵ. ׷ վ"
"152"," Ʈ","10","Ȥ 𸣽ô е   ȭ 3 ø  1Դϴ"
"153","Ʋ Ʈ","10","ϰ ϴ~"
"154","ϴ Ǫ ƴ ̿","10","Ϻ ִϴ ü  ϰ ְ  ȭ Ƽ ̿."
"155","߰ſ ","10","ֱٿ  ȭ߿  ־.  Ʊ  ȭ"
"156",":  ","9","忡  6  ÿ  9..! ش  ϰ Ÿ   Ǵ Ѱ ϴ.CG׷  Ұ (¯ ..) Ĺݿ  վϴ. (   ȥϸ鼭  )׸ ǻ ,,,()"
"157","帣 θǽ","10","Ʈ Ե   Ż Ҿ"
"158"," ,  ʿ ","10","Ϻ ȭ  ݸϴ ۿ µ ̰͵ ߰"
"159","߰ſ ","8"," Ե ְ׿"
"160","޸ ","9","뷡  ⵵  δ   ִ ڹ̳׿..."
"161","߰ſ ","2"," ̹ų  ذ Ȱǰϴµ "
"162","","8","׳ ϰ ֱѵ ְԺ"
"163"," ","2","⵶ȭ..Ͻñ"
"164","߰ſ ","8","ִ.׷ д д.ƹ 󸶸 صᱹ  ϴ° д.ȸ̴."
"165","Ͽ ̴ ","8","Ϻ  ִ  ִ ȭ  ص  ƴ"
"166","а","10","⸸ ٽú ̳׿. ׶   ״ Ƴ .  ʹ ؼ §մϴ.."
"167","ִ Ʈ","5","... ϴ...ȭϱ⸸ϰ ¥ ó ʹ . ȵǰԾ.¥ 丮  .׳ ̰ .  .ϴٴµ      Ű ϴ ó.¥ ó δ..."
"168"," ũ","1","Ѱ Ʊ ϿĢ  "
"169","̺  ī","8","Ҿ~ õմϴ"
"170","ð  Ƴ","10","    ƴ....  ٸ ׻   ϴٴ°"
"171","߰ſ ","10"," [], [ȭ ] õ ! ȭ  ̶µ, 20    ε...?"
"172","߰ſ ","6","  ߴ ͸."
"173","7 ","1","̳ ȭ  ׳ ۰Ƿ "
"174"," ","10","   Ҵµ   ϴ."
"175","̵ Ʈ","1","̺....ΰ  ϶"
"176","̻  ","8","ֹν   ó Ұ, 赿  ⵵ λ̳׿. ٸ Ĺݺ 丮  ټ ƽ  ϴ."
"177","","10"," ͸ ؼ ԢZ"
"178","߰ſ ","10","  ¥ "
"179","","10","̿ȭ ݵ  .    20 ĹݵǼ ٿ޾Ƽ...  з ʹ ؼ ñ ȭ... ѹ ʹ Ϻѿȭ ߾."
"180","߰ſ ","10","  з Ǵ ȭ"
"181","߰ſ ","1","ȭ     ׷1ð 2ð 3ð ð  ̾ٶ° ݰ Ǵ ȭ"
"182","ø","10"," ȭٿ ȭ ýϴ.ճ׿"
"183","߰ſ ","9","   ȭ  ´ ѱ ȭ ô.  帣  ϸ 100 ̻ ġ .   Ⱑ  ܿó   ι ȭ ."
"184","","10","վ ̳׿ ޿  ھ"
"185"," ũ","9","  縦 .̸   󸶳   ִ ȭ... ñ ϴ 򰡸     ."
"186"," ֱٱ ","10","Դϴ~~!! ņ . "
"187","߰ſ ","2","  ȵ ѱȭε ڸ ʿԳʹ ϰ      "
"188","߰ſ ","10","    ħ  "
"189","","8"," ؼ ׷ û ̰   Ʈ Ƽ Ҿ.  ں ⵵ Ҿ"
"190","߰ſ ","5","2ð    ο  ο   ο  ͼ ο  ԰ ο ׳ ο ɷ ̰ ̰ɷ ̰... а        ˾ "
"191"," ","8","αؿ   ϸ?"
"192","","8","־   ⵵    ö ٰ 󿵽ð ÷ ٵ ϴ ƽ ֳ׿, ׷ ª ð ־   ö   ׸ ణ ۰Ÿ ʴɷ ׼ǵ  ҽϴ "
"193","ƹ ","2"," ƹ Ͱ"
"194","߰ſ ","10","λε  հ ߺýϴ.ʹ  ʰ   ҽϴ."
"195","߰ſ ","9","ⱸ  ſ   ʰ  .  ƮǺ ũϰ 㹫ϰ "
"196","߰ſ ","10","عٴ λ  ǥ߳׿"
"197"," Դ","9","~~"
"198","","1","  ŰŸ  Ѱ..."
"199","ĽƮ","9","  ,     ó  ʰ ʹ  ȭ.   ũ ö  λ簡 ."
"200","߰ſ ","10"," մ???  "
"201","̻  ","10","  ƴ ġ "
"202","ƹ ","10",",   ̷ ִ ȭ??"
"203","","6"," پ ǰ ߴ ѷ Ӹ⿡ ̳ ̴  ͵  Ϻߴ. ٵ 丮 ƹ  ߱     ߱ ں ٴ  ġ   . ׷ ̷  ϸ  ȭ."
"204"," ","10","Ȧ  ɸʹ   vs 鸮  ɸͷ ߰ ĳ ϴٰ γ  ִ ȭ.  ̽  , θེ  ϴ е  ! ^^"
"205","","4","⹦̾߱   ѰͰƿ.   㳪  츮   "
"206","߰ſ ","6"," ɸ ȭ"
"207"," ε","5"," ̶... ޯQ͵ ..  ؼ  ϱ淡  Ҹ ̰    ٸ ֳϰ     ãƺó     ϸ鼭 Ľ    ̶ Ե ó?  ص..."
"208","Ȱ","8","ѱ ܹ  Ȳ "
"209","߰ſ ","10","  10Դϴ."
"210","ζ","10"," ¿8~ ׳      . ΰ̶   .   ϴ ΰȸ,б,   ٸٰ  ΰ    ֽż ϳ  ϸ   ¥ ϴ± "
"211","","10","  丮 ʹ ϴ."
"212","","9"," ϴ  ǥ ,   ̸ ε    ׸ ó Ѽ Ǽ    ȭǴ  ϰ  ׷ȴ."
"213","߰ſ ","10","ߵ鸮 ? հԺþ"
"214"," ","6","ȭ  Դµ ϰ   .    ̶ ϴ ڼ ߵ   Ұ ΰ  ش."
"215","","1"," ȭ  ȿ  ں ̺... 尨  丮 ڿ ʰ ׼ǵ ϴ .."
"216","漭","10","ֳ̾ Ƶƿپ˾Ҵٿ ʹ ڰ Ե ְ"
"217",":  ","4"," ϰ ϰ ž.     پ Ÿ ִµ   ʾҴ."
"218","ŷĿ","6","      ͵ ڶ    ѽ  . ¸ϴ  ˰  ǰ ׸ кϴ   ߽ߴ ̱⿡ â  ׸    ̴."
"219"," ","10","Դ ϰ Դ  ϳ ǥ     ־.   ̾ 밡  Ŭϰ ߴ.   ٸ ǽ"
"220","߰ſ ","8","ϳ ǰ̶  ε, ȭ  Ų ϰ      ƽ;;"
"221","̴","6"," ̾߱Ⱑ  丮  ־ȿ ڿ 귯.  ȭ ߼Ҹ      ."
"222","߰ſ ","4","丮      ʹ ȵ˴ϴ.. ڸ ʿ ȭ.. ׷  ̰ܳ  ̵ ƴϾ.."
"223","Ƽ","6","ã⸦  Źΰ  ϰ ϰ    Ȧ ׼ 丮"
"224"," и׾","10"," ȭ  ϰ ǿ ⻵ϴ û̵ ȭ .  ȭ Ҹġ ȭ̴.  Ƽο Ѵ. Ƽδ ̴. ̶ ȯ Ѵ.. ҳ⿡   ?  ? ҳ⿡   ? ģ ? ҳ⿡   ? ϴ  ?   ڻ .  ȭ ϰ ִ. ׵  ƹ ͵ ƴ϶.  ׵ ſ  . ߿   ƴ϶. ҳ   ʾҴ.  ϴ  ߴ.   ͵ ߴ.  ȭ ϴ ̴.mc ´. ƴ  ϰ ΰ     ֳİ. ҳ Ѵ. ̶. . ϰ   . ϰ   .   ġ      ǹ̾ ׷  ̶."
"225","ٵ ","10"," ̷  ־ٴ!"
"226","λ̵ ƿ","9"," ټ  12 ھ̸  Ͽ    ϰ   ִ ȭ. ׷ ΰ ι  ִ ȭ."
"227"," Ʈ","10","մϴ. ϰ ƮԴϴ."
"228","߰ſ ","10"," ͸  㼼  ȭ,  ڹ  ̾߱θ º   Ҽ ȭ. ΰ   ֹ    Ҹġ  ιε ߴ."
"229"," ","10","      ϴ..     Ⱑ ƴ϶ ׳  ι ü̴.."
"230","߰ſ ","10"," ѱȭ ! ؼ   ȭ׿"
"231","Ǳ","8"," ֻ Ʈ   ƴ     ǰ ä 翴 ̾. ΰ   ϴ."
"232","Ÿ¥  ","1","¥ 3...Ÿ¥1.   ڴ"
"233","ĽƮ","10"," .. 60  ȥ ȸ ,  ҳ ٶ󺸴 ȸ  ü  Ǽҵ ϰ ִ ȭ̴.    ҷŰ  ȿ Ǹϸ Կ  Źϴ.  ִ κ ȭ ""̴""     ε,  ġְ ȭ ̶ ġ ƽ   ϳ..Ѻ ƽ    ߾  ִٴ  ü     Ϸ  ϴ.   ""Ƽ   糪"", ""鸸"",""Ҿ ""(޸)  ߰߰ ϴ ȭ  ȭν  ƾߵ .."
"234","","1"," ϰ   ϴ ε,  鼭 ̰ ޱ..?    ȭ. ߱ں  ŭ ߱  ǰ  ."
"235"," Ǿٹ","10"," ׷ 𸣰۾˹ٰ ¼ϸ ȭ ô..  վ ƶ ׽ ù ̳  ..  ׷ ü ʾƵ Ǵ   ʰھ ù κθ   ã Ͻôµ ٺ  κãҰھ"
"236","̻  ","7","ڿ   踦  ü ׸ ִ."
"237","Ÿ¥  ","1",". ȥں մϴ."
"238","񿡰","1","  ¥? ΰ ̰ ȥ   ̾ؾ ʳ? ȭ   ƴ?   ģ ü  Ȱ? ߶׸´  ǻǴ  ? Ϻ ƺ  ε?     ݾ ڰ Ϻ  Ǿִ   ȭ.. ȭ   µ ü  ִ° ǹ̴ ?   ôٰ ð Ʊ.. ƿ... 뺸"
"239","ι  ϶","7","ȭ ߸µ ΰ    縦  ־  ű   ĳ  Ҹ 縮 ͵ ?"
"240"," ݺ ũ: ť!!","2"," ׳ ׷ ."
"241","","8","20 ְ ڹ̵ȭ"
"242","漭","8","ֳ̾ 漭 ϴ⺸ٴ ũ Ȧ ĥ  ɸ  ַ ȴ.  ̷ Ȳ Ǿ ̷   κе Ƽ ֳ̾    ϴ ̶ ó   󰡱   ִٰ .  ȭ ٺ ι Ȳ    ְ ȴ."
"243","","2","   ߶ϴ SF 糭ȭ ˾Ҵ     Ҵ."
"244","漭","10"," ð ȿ ֳ̾  鿡   پ Ƹٿ Ҹ  ȭ ӿ ȭϿ.   ְ   ȭ ؼ ũƾ ƩƮ  ұϰ ֳ̾ 漭 Ϻϰ   ڽ̾. ׸   ȭ  ϰ  ־."
"245","߰ſ ","10","ι . . ͸ Դϴ"
"246","","10"," ã ҹ   ׾   ̾ "
"247"," ã","10","#ã   Ұ ȭ⵵     ǰ̶   ߴµ  ô...ܰ ־ (ƴ³  ٴ...) ϸ ְ ô. ִ ǰ ϸ~"
"248","   ","2"," ̾簡  ߸遶"
"249","̾ ȫ繫","10","  ̳ʵ鿡"
"250","޸ ","9","̷ΰ   ִ     ־.      θǽ ͼ ſ ش."
"251","߰ſ ","10","Ǵ 踦  ְ ׸ų, ȭ ʾƼ Ҿ. ḻ   ƴϾ Ұ.  λ  ȭ  Ư λ Ư  Ȱ ̾. ۵ ȭ հ ýϴ ϰ    "
"252","ȭ","1","ȭ ʹݺ    ȵ. Ҹ  Ҹϴ   ߾ ߴ...   ȵǳ"
"253","߰ſ ","8","λ̶ ýϴ 90 λ꿡־µ ׿ λ̶ 8帳ϴ"
"254"," Ʈ","10","Ÿ ʿ ̻    ʾ, ׷ и   ׼ǽ ȭ. ׵ ƿԴ  ȭ   ĥ  ׼ λ,    Ⱑ б̾"
"255","","7"," ְ ôµ     âǷ 븶̶  ̿ȭ 밡,     ̺  ̶  ְԺ.ENTP ϴ ȭ   / ڵ  "
"256","߰ſ ","4","ð Ƽ ôµ ųŸӿ.. ḻ ƽ  "
"257","ƹ ","1","̰ ȭ ϴ  ƹ "
"258","ĽƮ","8","׶ , ׶ , ׶ 츮."
"259","߰ſ ","7","Ƶ鷡̰  ߰ſ "
"260","߰ſ ","8","츮 λ   ȭ ƿ... ͵ ä  ģ ư   ִ ͵鸶 Ҿ 찡 ..Ű    ε..ư ȭ ʹ  ýϴ"
"261","Ÿƽ 4","5","  ʿ䰡 ־.."
"262","߰ſ ","6"," ȭ  丮 ͽؼ 丮    ̶ ұ   ׳  ׳"
"263","߰ſ ","7","丮 ϰ λ긻  ˾Ƶڰ  ̵  ͸"
"264","߰ſ ","10","   ٵ 丮 ̾ ϰʹ ڿ   ڵ   īٵ"
"265","߰ſ ","10","λ ְ ȭϴ!    ְϴ!"
"266","","10"," ʹ . ּ 7 Ǵµ.׼   ڹ̵   !!!汸 ̷ ҷ Ѱ  !!!!"
"267","","6"," ʹ  Ͻŵ ܰ ΰϴ    Եó ôµ ʹ 丮, ,   ƴѰ  Ÿ ֽϴ. ׳ ƹ   ׳  ߹ݺ Ѿ ̰ 糭ȭ sfȭ а ȵǾ  ʹؼ  ȭ"
"268","漭","7"," Ȳ 漭   ʹ ǰ ȭ"
"269","߰ſ ","1","      ٸ  ȭ ̾. ֳ! װ  Ⱑ Ա   ׸    ȭ Ͽ  "
"270"," 츮","10","׸  ...."
"271","","1","ⰰ ȭ ̰"
"272"," Ʈ","8","¥  Ҹ  ȭ...  Ʈǰ  ٸ ؾߵǳ  ..."
"273","߰ſ ","10","Ҽ   õ  Ժ. ù  ǰ̶° ϱ   ȭ  е  . 츦    ȭ ϼ  ش.     ѱ ϵ庸ϵ尡 õ ݰ!"
"274","߰ſ ","9","ڶ   ߸"
"275","","2","հ ߴµ ؼ ġɸ   ̶ ְ; ° ġ  سź  ׷; + ȣ  ֶ ؾ  ġ °ž"
"276"," Ʈ","9","١١١"
"277",":  ","3","10 ̻ Ⱑ ƴ..."
"278","","7"," 𼱰 ôµ?"
"279","ī ¾","10"," Ϻϰ ູ ȭ"
"280","Ʈ ","10","10  ϳ׿10̻ ׿"
"281"," Ʈ","10","  ص ְ Ʈ ȭ.  ȭ  Ʈ    Ѹ̾µ ȭ    ־ ΰ Ǿ Ʈ ΰ    ִ ȭ Ĺհ ĳ̵ 峭 ƴϴ١ ٸ ʹ  ¦  ο Ѱ        츮 ó"
"282"," ũ","6","""  Ѽ  Ѿϳ?""    ȭ. ڽ   ๮ ġϴ° 罺 ε."
"283","߰ſ ","6"," ƿ !  ׷  ȭ!  ׷ .."
"284","ƿ: ͽƮ̼","4","ֺͰ ʹ ϰ   Ȳ ..̸ ݰŲ."
"285","Ʈ ","10","߿ Ʈ  Ʈ"
"286","ĽƮ","8","  ͵鿡  ׸. ׸  ȭ ϴ "
"287","κ ԽƮ","9","  ĽԴϴ."
"288"," ","10","   ְ "
"289","߰ſ ","10","ũ~~~  ͸ ȭ !! ְ ְ ~~!"
"290"," Ĵ","1","׿. ȭ ص  ߾  ҽغ̴  ٴϤ ̵ ȭ  е ˼ؼ  ? ڰ  ʾҴٴ  ˸鼭 ȭ ȹߴ   ¥ ñ ; ȭ Ǵ 긮 е  ϸ鼭 缼 "
"291","1917","9","ũ  ̰..?"
"292","ŽƮ ","10","̰ Ƹٿ.  "
"293","߰ſ ","10","̷ ȭ 󸶸..¥   Ҹ´ٸ  "
"294"," 󿡸:  Ű","10","󿡸վ!!!!"
"295","̻  ","10","׳ ̿...Ф"
"296"," ּȸ 0","10","ϱ,ϱ,ϱ,,"
"297","߰ſ ","10"," ĳͶ ..   ϳ ¥ ٵ  ʹ  Ÿ Ÿ "
"298","񿡰","4"," ȭ ˾ Ⱥ°.缺ΰ? ְ? ƴ ? ҽ.     ."
"299","߰ſ ","6","λ   ȵ鸰.  ģ ȭ"
"300","߰ſ ","10","    ϴ ȭ..    ϳ  ϰ Ԥ ϰ е ѹ   ƾ  ¯¯,, λμ      Ф ʹ ִ ƹ ȫпԵ ߽ϴ  ʹ    ְְ"
"301","ͳν","4"," ° ҳ ȭ Ⱥ Ҽ ִ°ų   ϱ  سҳ"
"302","߰ſ ","10","  ߹ óϴ... ̰  ٸ ͸"
"303","","9","   縦   մϴ.  ü  丮 ڿ Ƶϴ.  ȭ ڸ ܿ ڶ   Դϴ."
"304","ڵ 8","1",""
"305","߰ſ ","9","   ¸ Ҵ"
"306","","1","⵵ ״ ..ḻ ¥ ⵵  ϰ ϰ ׳   ΰ ⺸ ¥ װ  ˸ Ҹ ..."
"307","߰ſ ","1","ǿ ֹ ̰Ը  ̰žƴڳ ۳Ⱝ־ǿȭ1 񽺹ϳ׻?"
"308","","10","    ϱ  ã 븮  Ƴ׿䤻 ϰ    , ׵,  Ƹٿ ;. ߴ ߾    ƾ ȭƿ."
"309","߰ſ ","10","   ͸  ."
"310","߰ſ ","10"," Ⱑ .ణ  丮 Ĺ Ϻ ޿鼭  丮 ִ  û ׼ǽ   ׼ǽ  ͸ "
"311"," ","10"," 7.5/ ϴ ϴ.ִ.д  ڹȭ ȭ     ϰ  Ȯ ˰ڰ Ķ   ʴ´.  ̻갡  е ٸ ǳϰηϸ .¹  ̿    з ٿ . . ̰  9൵  .  ¥ Ӥ"
"312","߰ſ ","8","׳ ð   ߽ϴ.  Ǵ ȭ   ū  µ.. ... Ӵٴ  ޾ҳ׿.^^     丮   Ž  Ǵ,ι Ⱑ ߴ ҽϴ.ô  帧 ݿ 浵 ұ.  8 ݴϴ."
"313","","10","  մϴ.    ƴѰ Ƽ 10 帳ϴ."
"314","ũ","4","߶ ĺƲ ȭ ũ  ̽ʿ⿡ ļ  Ǹ  ߴ.  ̹ ͼ  ¸ ִµα׸ ׿  뱳üǷ?"
"315","ũ翤","10","ũ翤()  ư ũ翤 翡  ģ ־ "
"316","ͳų","7","׼ǿȭ ôµ  ϴ.."
"317","漭","10"," ڷμ ٶ ׳   Ⱦ ǰ ...ֿ  ޾  ֳ̾ ؼ!"
"318","߰ſ ","10"," 谩 Ҿ  ͸   .ܿ鵵     ⿴.Ư Į  Ǵ޵   Ѵ. 丮   Ϻߴ."
"319","","10"," ¯  ϰ  ãƺ菉"
"320"," Ʈ","10","Ʈ  ٸ  Ͱ. ̴  ."
"321","̻  ","10","ϴ . Ƶϰ   ȭ."
"322","߰ſ ","6"," ߰ſ   ä  ľ  ѱ ͸ "
"323","ĽƮ","10"," ٽ   ڸ ִ "
"324","߰ſ ","10"," 谩, ֹ, , ȫ ׳ Ÿ Ÿ ;;   ϳ פ  ϳ ¥  "
"325","","9"," ô    ɸ  ׷ ȭ.  ƴ϶  ̶    ̾߱."
"326"," ","2","̰   㹫ϰ   ̾ "
"327","ǽ","2","ȭǿ  ϴµ  Ű Ѵ?  ι ƴٴϴµ.  ø ǽϴ ȭ ־?. ¥ ."
"328","ڴ","2","绡 Ÿ  ũ ȭ"
"329","ڸ ","7","PTA   ʴ ̶     Ȯ"
"330"," ƴ","9","Ľ  ̰  ȣ̾..."
"331","߰ſ ","10","   ͸ ̰ ̴ٴټ ̳   ³ ߴ   ׼Ǿ  ־ 100 ̾ٵ ƽ"
"332"," Ʈ","10"," ϳϳ   ü  Ф"
"333","ݰԸ: ","10"," 10  ø ̴."
"334","߰ſ ","10","   ؼ ԰ ְ. Ư  !!  λ  ü 帧 ణ  ׵   ̴. źź ó !!"
"335","  1984","7","ƽ ε   پ..ֳ̾ Ƽ    ü.."
"336","","7"," ~~  ⿣  "
"337","߰ſ ","10"," ȭ    Ʊʾ"
"338","漭","7"," ֳ̾ 漭 ణ     ־ٸ 󸶳 ."
"339","׸ ","10"," ôٰ ޾Ƽ ٽ ó "
"340",": ٴٷ  ","10","     ȭ"
"341","߰ſ ","1","ȭ  ǹ̸ ϴ  뵵  ϰ ¼ ϴ ó  ǰԴϴ. ûҳ  ұ ˴ϴ."
"342","߰ſ ","10","ְ ְ    ģ ˿ ô   ̰  λ Ǵ ̾߱  ⵵  밭     ׸  쵵   ü  Ⱑ    ͵  ȸ "
"343","漭","9","ũƾ ƩƮ  ȭ.  پƾֳ Ϻϰ.  ϴ."
"344","߰ſ ","8","ѱ ͸ ϰ  ýϴ.    ϳ׿."
"345","зϾ : ڸ  ڵ","2","ϰŸ. ̰  ˹.ϰ ѹ. Ⱥ λ 2ð Ƴ ..."
"346","","6","翡翡翡翡"
"347","ĽƮ","10","߾￡   ĽƮ ϴ ߰ſ λ"
"348","¾  ʴ´","2","Ҿ Ÿī븦 ãƼ..."
"349","о","10"," ȭ  ٰŸ  ߴ ȭ ԰  ԵǾٿô ÿ  ⵵    Ⱑ   Ǿ~"
"350"," Ʈ","7","̿ ׼ ҽϴ. 丮 Ǯ ͵  ʾҽϴ. 鷯 ó Ʈ ó ȶ    ΰ̶  δ ҽϴ"
"351","ĳƮ ","10","  鿡  ̰ܳ Ƴ  ֱ ϴ ΰ  ɷ¿  ź԰ ڿ ȰԿ  ܽ   ־ϴ."
"352","ȭ ","10","ƴ.. ȭ ̷  ..   ̷  .. Фи   Ǹϰ 丮 սϴ. ϽŴٸ  !!!"
"353","߰ſ ","4","絵  ȵ鸮 뵵 ο"
"354","ũ翤","5","׳ ׷ ̻ ƴ 丮"
"355","߰ſ ","10","  ϳ׿ ׸ 丮  ˰ԵǴϱ §߾ ٺ հ  Ƽ  ɾִٰ  Ծ"
"356"," Ʈ","10"," ̷ ǳ 𸣰ڴ8 ׾ ƴ"
"357","ĽƮ","7","⿡   ׸  ư "
"358","  ","10","ȭ    ׷ ǰھ..?ϴ  ־."
"359"," Ʈ","8","߽ϴ.ٵ  ."
"360","׷Ƽ","9","   ҽϴ  ʹ ϴ١.."
"361","","9","  ̵ ޴     ִ ȭ."
"362","ĽƮ","10","δ   Ÿ, ſ  ִ   ʰ Ǯ ԰ ,    ϴ"
"363","̻  ","8","  ȭ"
"364"," ","10","180404[9]ܼ  Ͱ ׷    40 ݿ ̷  ԵǴٴ|220323[10]ù ñ⿡   û   뱽   ְܾ        λ̴."
"365","","10","̺ ¤ Ҹ ȳ     ׷  µ û Ⱦ"
"366","ĽƮ","10","ΰ̶  ⿬   ̤ ȭ ϰ ູϰ  Ҿ"
"367","","5","   缭 ..?"
"368","ȿ","5","ذ  ش´.      Ѵٴ "
"369","ɾ߽Ĵ","4","߽  ȸԴ°  "
"370"," ","10"," ũο Ƴ     Ұ ־..!   ؼ ˵ һ  ۿ ..."
"371","","4"," ʹ "
"372","̻  ","10","ֹν̶  Ͽ ֹν̶  "
"373","ϴ Ǫ ƴ ̿","10"," ̺     Ÿ ʿ䰡 ִµ"
"374","߰ſ ","10","Ѹ  Ǵ ͸ ƴ϶, Ǽ ִ ֺ ̾߱ ƿ. 丮 ϰ ⵵ ..    ҳ׿.  ȭ ð 𸣰 ȭýϴ."
"375","߰ſ ","10","¥⸻ʿϴٰԴϴ"
"376","߰ſ ","1","...ð Ʊ"
"377"," ͽ :  ","1"," Ʊ ð Ʊ"
"378","ڿ","10"," Ұ ,  ôµ, ô ̿  "
"379","ȤŻ: ݰ ","3","  ְڴ"
"380","ĸƾ ","6"," ȭ    ̷  ̵ ̳?"
"381","","9","ƴ ~  ¥ ϰ   ͼ ~  µ ̶ ۿ...  ̷???  糭ȭ ~  ̴ ḻ? ̴  ԰ ְ  ôµ ~  ׷??? ̴ ḻ   ð  ϴ ~"
"382","̵ ","9","³  츮   ˾ ׻  ް Ͱ,ް ;   ׻ ܼҸϰ ġ    װ ɰ ̿     ʹ ؼ ó׿"
"383","߰ſ ","4"," ٰ Խϴ.  Ҽ վ ̳  μ 밡 ǽϴٸ ȭ   10е ȵǾ ˾ҳ׿   ٴ ...  ƽ׿.. ׷   "
"384","߰ſ ","8","ϴ հ ~ ƽ κе 翬 "
"385","ڵ","1","-  ʴ ߸ մϴ"
"386","  ","9","ȿ ¥  ̻ڴ... 跡  ߻... Ѵ ⵵ ʹ Ѵ...  ȭ ũ   ųŸӿδ ְ.. ɿ ȭ ϴ  ٸ "
"387","߰ſ ","7"," ⵵  ʾ  ̷ Ǵ   ʹ  ؿͼ  ĻϰԵ ..׸ Ϻ    ȵ鸮 ͵..ѱ ڸ  ʿ ʹ."
"388","ī","10","ٸ , ģ/ῡ  ,   ̾߱!   ?!"
"389","߰ſ ","8","ȭ ̿ ణ . ׷  å  ."
"390","ĽƮ","9","ð  װ   "
"391","Ͽ콺  ","7"," , ɷ°    Ų. Ȥ 귣忡  ܿ 밡 ̰   ."
"392","Z","10","հ ߺýϴ.   ϰ ǳ׿~"
"393","ι  ϶","6","ںпⰡ  ؿ "
"394","߰ſ ","8","丮   մϴ   縦 ġ  δ հԺó׿"
"395","Ʈ ̵ 丮","6","ÿҰ ϰ ʹ 󰡱Ⱑ ..ü .."
"396","߰ſ ","1","  ϰ 𸣰ڴ踦 0 𸣴µ簡 е ȭ ƴ"
"397",":  ","10","ȿ ä  100 "
"398","߰ſ ","9","  ͷ 躸 մ ǰ Դ. Ҽ  ù Ժ ϰ ̾߱ ϼ Ҵ. Ȥ  鿡  ̶ ĸ ٸ ̻?"
"399","߰ſ ","2","͸ȭ  ϴ Դϴ. 峭ƴմϴ.ó ϰ > ߰ ϰ >  ϰ .... װ Դϴ.. ȸմϴ.."
"400","漭","8","ռں ǻ  ̰  մϴٸ..ȭ    ..Ф"
"401","߰ſ ","10","ֱٵ ȭ   Ҵ! ׷ ׷ ȭ ᵵ ̿ 2ð  ð Ҵµ     ȭ ð 𸣰  ְ ô. Ⱑ Ư Ҹ ư ⵵ Ҵ!  ȭ ֽϴ!  ŵ ˴ϴ."
"402","߰ſ ","1","ſ 븦 ϰ  Ÿ ߽ϴ..ȭ      ̶  Ҹ ̴ ˾ƵⰡ ϴ. λ  κ ̷  Դϱ? ƴѰɷ ˰ ִµ, ȭ λù Ѵٴ  ϴ.¥ ȭ , ð ʹ Ʊϴ. ü ȭ  ,    ʽϱ?  ȭ 1 ֱ⵵ Ʊϴ.IPTV ͵  .  ð ٸ  ϼ. õԴϴ."
"403",":  ","6","ĳ ̽ , Ҽ ִٰ Ǵ¿ȭԴϴ,   Ҵٰ "
"404","","10"," 15  ּ̳  ɰ  ȭ 빫󸸻 ŷ "
"405","߰ſ ","8"," ϳ  ̶"
"406","߰ſ ","10","վ.    Ű ϱϳ ճ׿. ḻ  ƽ հԺþ"
"407","ػ罺  л 2022","1",".¥ .Ư   ¥.ǥ ϰ. ȭ ϰ ."
"408","̻  ","10","̼ۺ ֹν  Ⱑ ¥ ־"
"409","߰ſ ","7",".. ..̤ 丮  ʰ Ǵ Ȱ? ϻ? ϸ ť  ϳ׿. ġ å ϳϳ Ѿ   ƿ..  ῡ  尨 ϳ .. 丮  ⿡ ޱ ȭȯ̶..  ߽ɺ ι  .. õ    ߴµ ƽ ׷ ϰ մϴ"
"410","   ","7","1958 ȭ⿡ ſ õƴ.  ڿ  .  ׻  ̰ .  ׷..."
"411","߰ſ ","8","찡  ϵĳ"
"412","߰ſ ","10","ֿ   ϳ   ϴ.丮   ȭ  ⸸ ԵǴ ȭ ǰ   丮   ° Ͽϴ   մ ȭϴٺ Ͻôºе õ帳ϴ"
"413","Ʈ ","10","¥  ȭ    Ѱ    ȭ"
"414","Ͽ콺  ν","6","Ư ,  "
"415","߰ſ ","10","  ȭ ģ    帳ϴ."
"416","߰ſ ","10","  ׸  ħ   ư. -ӵ巹 -ǰ ϼż  ǰ  ô.ΰ õ."
"417","    ","10","û῵ȭ׿.  ޾Ҿ. õմϴ"
"418","    ","10","û῵ȭ׿.  ޾Ҿ. õմϴ"
"419","θ׿콺","10","մ ¥ ʹ ̳ "
"420","   ũ 2 ","10",". ǸŰ ʳ׿.ߺýϴ."
"421","̵ Ʈ","10","̵ ʹ Ⱦ ~ҽѾ̵ Բ  ư ھ~"
"422","漭","7","  ´    հ"
"423","","2","⿬ ⵵ Ǹϰ  ճ  ߴ ź  ϴ   ִ´ μų ư ִµ  νð   ٰ ̳???? ̸ ȭ ׻ հ "
"424","ĽƮ","10"," ̰ Ұָ   ִ ȭ ...  "
"425"," Ʈ","10"," ְ. ݱ Դ Ʈ ȭ ٸ ŷ ־   ʹ ſ. ɼ ʾƼ  Ϳ Ʈ..."
"426","߰ſ ","10"," λ ֳ ÷ µ"
"427","Ʈ޾ ٸ","2","߿   ʰ   鸸  Ǿٰ  ."
"428","ġ   ","4","ȭ ߿ ־... µ 3 ɸ....ֳĸ ٰ "
"429"," 2:    ī","7","ΰ ܰ ڹ̵ ϸ ǿܷ Ҵ"
"430","̻  ","8","ֹν ⸸  ϵ "
"431"," , θǽ 忡","10","  Ƹٿ ȭ  Ͱҳ׿.鿡 ÷ ٲ  κ  λ̰,  ϰ ִ ost  丮   ȳ׿Ф"
"432","߰ſ ","4","û  пȭ 21⵵ ȭ ³ ʹ  Ѱɷ ־µ.."
"433"," Ʈ","7","丮 ׳ ׷ ̴ Ҿ  ߺ"
"434","Ʈ ̵ 丮","6"," ָ ȭ."
"435","","10","ְ Ժ.     ȭ  "
"436","߰ſ ","10","2 ż谰׿!!"
"437"," Ʈ","10","־ϴ"
"438","̴:   Ȩ","10"," ̴ǵ   ְ Ʈ"
"439","߰ſ ","10","   ְٸ  ڵ鵵 Ҿ¯丮 ¯¯"
"440","̻  ","7","̳׿  ϰ  ֹν Դϴ"
"441","","8","̶ ۵ ϱ淡 󸶳 ɰѰ; ô  .. ѷ ȭ  ̷ 𸣽ó? ׷  μ CG ̻ ȭ   . ο-2012- ̾ ſ ȭ ڻ ȯ彺丮~   ֱ ȱ Ӹ    ŵ ׳ տ  CG ⿬ ⼼ ׷ ˴ϴ. ͽƮ CG׼ǿȭ ~~ ^^"
"442","߰ſ ","10","  ̷ ȭó '' Ŵ Ǿư ֹ  Ǿڱ.. ϰ  ,   ٸ ǥ   Ī! ^-^"
"443","߰ſ ","7","  ... ü Ⱑ ̰ ο ٰ  鵵 ־ ̷  ȾϽø Ͻð ø    ϴٰ մϴ е Ⱑ  ׿"
"444","߰ſ ","2"," λ Ǵ̾߱.ϴ   ?  ?  ׷   ̰,Ǵó  ǰ?  ϸ鼭"
"445","漭","6"," ׷ մ°  ʽϴ ణ ϰ   ȵǴ κе ׿"
"446","׳","10","5 Ѱ ôµ  ̴ ׳!"
"447","߰ſ ","10","  ϰ  ȭԴϴ"
"448"," Ʈ","9","  μ ׼  ȭ ϸ  ø ȵ˴ϴ ٸ ο , ͸, Ž, ߸ ̷  ũ ι Ѵٸ ʹ ؼ հ   ̴ϴ  ost ʹ ̳׿"
"449","߰ſ ","10","λ  ¥  ͸   ⵵ ǰ ʹ Ҿ ְ"
"450","߰ſ ","10"," ͸ ߴµ ̷Ա ϼ  ͸ ʹ ̿!!  Ұ͵  ƹ   ó°  ŷ ׿!!!"
"451","޸ ","9"," θǽ ڹ̵ ȭε  Ѱ ʹ  鼭 ̰ ýϴ Ư ost  Ƽ͵ ſ ȭ׿ õմϴ"
"452","߰ſ ","10"," ø  ڸ ° ͼ     ȵ鸮°  Ҵ"
"453","߰ſ ","10"," λ.   ϵ.  Ҽ ￡ ´. ̻ ϴ ͵ 鼭  Ӹ⿡ ĺ"
"454","̻  ","7","Ǹ Ժο ϸ    ḻ. Ǹ,   ִ  ̾߱  ׷. ׷  ."
"455","߰ſ ","10","  Ⱑ ϰ  ȭϴ. ̰  ̴!!!! ^^b  , 谩   ʹ Ұ ֹ Կ   ְϴ."
"456"," Ʈ","10","־"
"457"," ּȸ 0","10"," ׿..."
"458","߰ſ ","5"," ׳  ϴ Դϴ."
"459","߰ſ ","10"," ֳ׿. ȭٿ  ȭ ߺýϴ."
"460"," Ʈ","10"," Ʈ ø Ͽ  ο ̸, ׼Ǻ 丮   ǰ̳׿."
"461"," ","10","  θǽ Գ׿...ϵ ¥  ˾?"
"462","߰ſ ","1"," Ƹ??  Ҹ ݹ.ȭ ü  Ŭ .Ǵ ??? Ҹ ݹ. ġ鿡   Ҽ  ."
"463","","8"," Ȳ ׷ ߽ϴ~"
"464","߰ſ ","10","  ȭ   ʹ  ְ  ߺýϴ"
"465","  ","10"," ǻ ʹ ϰԱ׷ Ⱑ Դϴ.׸   ֹε鿡Թ̾ Դϴ."
"466","","2","̰ ص ص ʹ ߴٴ  ۿ  , ־."
"467","߰ſ ","10","-    .  ɰ λ ͸ ȭ!"
"468","ī Ƴ ","9"," ణ   ֱѵ   ϴ   巯 ձ. ƾ ȭ ƿ"
"469","߰ſ ","10"," ãƿ  ͸.. ȭ ȭ  װ ٴ   ϴ Ǵ޵  ġ ̾߱.. վϴ!"
"470"," ð","2"," . ڷγ ݸ ƴϾ  Ⱥ"
"471","߰ſ ","10"," ǰ ߰ſ..."
"472","ȳ ϸ","10","鼭 ⵵ϰ ⵵ ϰ~  ູ ȭ׿~"
"473","߰ſ ","2","丮  â̳׿.. ׳  Ư⿬ 2 ݴϴ;;"
"474"," Ʈ","8","ù ѽð    ϰ, ι° ð  ߰  ϰ, ° ð    ȭ  ͹̼ ? ǳ̰ ˴ϴ."
"475","2Դ","6","1 Ÿ  ų .ٽ ѹ   ä Ȯ  󸶴 ܼȭ Ų.  ƽ ."
"476","ڹ ư ð Ųٷ ","10","  ϰ ִ ȭ"
"477","Ʈ ̵ 丮","6","̼ Կ.  .  κ ϺϿ    ܴ 60 ״.  ־ ǰ ũ ǵ     ģ"
"478","ưư ","10","  , ܿ  ѺѺ   Ⱑ ̾ϴ"
"479","߰ſ ","7","̶ ̴   ܼѵ Ǫ  ϰ ģ. 䰡ΰϴ ȭ."
"480","̴  ","10","ʹ. ΰó ֵ  غ,  µ ̸ ó ڲ Ծ λ̶ ҸӴ ÿ ΰó  ."
"481","  ̾","3","    ̾. ÷   ϳ ذ  丮.  ڸ޵ ߰"
"482","߰ſ ","8","     .. ϵĳ..."
"483","̴:   Ȩ","7"," ⽺ ĳ ͽ ƴĳ  ʿϴ  ü.׵  Ǯ ߾  ȯѴ."
"484","߰ſ ","10","ġ 丮Ҹġ  ѹα ǿ 뱳ü"
"485","Ŀ  ","8"," ǰ   Ʒ Ҽ ΰ   . ߰    ۿ  ħ  ȴ."
"486","","1","  ߴ  ȭ ΰ ̸   ٸȭΰɷ~"
"487","Ʈ   ȣ","7","ؿ .  . Ÿϰ ŷ ĳ ݺΰ ް ȯ     賭ϰ   尡 ƽ ´."
"488","ڿ","10","ʹ վ  ѹ  "
"489","߰ſ ","9","ۼҼ Ͷ ȭ ü 丮 翬 ҽϴ. Ȯ   ΰ ĳѰŴ Ȯ  ̽ϴ.  Ӹӿ   ȭ ׳ ƴٴϴ󱸿. ĳ͵ ü Ҽ Ƣ°Ͱ Ȱ ϴ. е ʹ Ͻð Ȱ ι ߽ϴ.  Ҽ  ǿ ִٸ  ̰ڱ ʹ. , 밭 ĳ͸ ȭ ϱⰡ  ٵ!   µ ֹ  밭 ⸦ ʹ ؼ ϴ  ׳ عٴڱ īµ 밭  üϴ. Ǹ Ҵٸ,  ȿ  ƺ   ĺϰ Ҵµ..   ȭ   ⸦ ϽŴٶ  ϴ. ׸ Ÿ ͸ ȭ  ȭ  , ֳ, ̷ ε ̹ ߰ſ  ȭ  ̷ ϵ  Ͼ  ?      ̾ϴ. ż質 ٸ ͸ ȭ װͰ ޶ϴ.  ȭ  ̶ ϴµ   ͺ  , ϼ ,  Ȥ  ۵ٴ ̿   ٴ峿  ̾ϴ. ̵ ϰ Ͼϰ, ҽϴ. մϴ.ƽ ̶ ϸ..  ȭ    ߽ϴ.   ⸦ ؼ   Ҽ ü    ϴ ȭ  ʹϴ  ־µ, ׷ ҽϴ.    ѹ  ͳ׿.ư ȭ ³. ù ȭ  ߺýϴ.  Ҽ   е  ȭ  Ҽ °͵  ǰ ϴ.  ߱½  ° ƴ ߲ϰ ġ  ȭ. , ʹ ߺýϴ."
"490","߰ſ ","1","̽ .      Ҵ ð."
"491","߰ſ ","10","͸?? ؼ   ڰ   οµ,  鼭  峭. ;ϴ. õ̿!!  ϰ ϴ"
"492","߿  巡","9","Ǹϴ."
"493","߰ſ ","2","̰͵ ȭ ð Ʊ"
"494","ĽƮ","10","鿡   ĽƮ  ׸  ̾߱Ⱑ ϴ."
"495"," ũ Ƽ","10"," 𰡸 س  Ż   ǥ"
"496","ι  ϶","5","  ϴ ٻۿȭ "
"497","߰ſ ","10","  ͸ ȭ þ~ 丮  ƿ~~  ϴ~"
"498","߰ſ ","8","ó    ̸  Ǯ ư  ҽϴ.   츦 ũ   Ҿ.  ǰ!"
"499","   ʴ  ־","9","ġϰ ž  ȵǴ κ .׷  ̰  鼭 ô ι   ʹ Ƹ           .ĵ  ö ŭ ؼ ."
"500","߰ſ ","10","¥   ͸  ýϴ! е    Ϻ߰,Ư   ⿡ Ե ð  𸣰 ȭ ó׿Фд͸   е  ȭ Դϴ. õ"
"501","߰ſ ","1","   ȭ 鷡  Ʊϱ ȭ   ҿ ̳̿ Ͷ"
"502","漭","6"," ǻ, ̼  ߴ."
"503","Ȱ ߰","10","  ׷ ȫ  ȸ  ȭ °..߻ȣ Ǿ  ѱȭ߿ ־ ȭε."
"504","Ÿ Ʈ۽","10","ļ ҳ !  Ÿ ġ ȣǥ ǳ !"
"505","߰ſ ","10","Ҽ  а ȭ ñؼ  ù ôµ Ѹŭ Ե ְԴϴ!!"
"506","߰ſ ","10"," K͸! ͸     !"
"507","","4","̾ ʹ ؼ   "
"508","̻  ","10","'ƴ ̷ ȭ vod  Ǵµ  尡 ?' ߴµ 쿬   180 ޶ "
"509","޸ ","4","ʹʹʹ ϰ ϰ     ڰ.... 뷡 ... ڲ  ɵ"
"510","ĽƮ","9","ª ð ĽƮ  ߾  ׷  ΰ  ̳   ־ϴ"
"511","߰ſ ","1","Ҽ ְµ  밡 ȵǳ"
"512","߰ſ ","10"," մ ѱ ͸~ ȭ   µ մϴ!!"
"513","","10"," ѵ  հ ýϴ. Ⱑ  ׷ٰ ⶧ ȭ ԰  ʾҽϴ."
"514","ٽ ¾ 츮","10","ҳ     λ.     ϴ.."
"515","̻  ","10","츮Ƶ  ٽ ϰ  ȭ.."
"516","ĽƮ","10","  ȭȭ  ɾƼ    "
"517","  ","10"," Ǿ  ʹ°   ȭ"
"518","߰ſ ","10","¥ հ þ ͸ ʹ ̶ 忡 ð   ׿"
"519","߰ſ ","10"," ٶμ ڸ ôµ ͸ ̳׿ ¦ ڹͿ  ϸ վ ͸帣̴...ؿ  ڵ ҿȭ ںе Ҽ ־䤾"
"520","߰ſ ","10","ڷγ   ѱ ͸ ߿ Ʈ"
"521","߰ſ ","10"," ۰  '߰ſ ' а ȭ ´ٱ淡 û ߴµ...ߴ  밨 ״  ¥ϳ"
"522","","1"," "
"523","߰ſ ","10","  ʹ ؼ ¦ ,,, ű⿡ ٸ鵵 ⸦ ʹ ؼ  ʹ հԺ... ҿ ̷ ͸ 帣  Ⱥ»ε, ǰ հԺ....  ͸ ȭ ٸ ¥ ͸ ȭ γ . ߰ſ  å ־ ħ ȭ Դµ, ȭ  ̻ ֳ.. 2022⿡  ȭ߿  վ."
"524","ƽ, ƽ... !","8","ɵ û Żⱸ.   û ٶó  .ݵ 忡 ϴ ھ."
"525"," ","8","̵  ȭ ̱ ʹ .  "
"526","ްε","6","ι߿ ߱ ڻ ƺ ڴ ̶  ̰ 13..迪 ׷ ?ƺ׾   ̳   ƳƼ  ȵȴ"
"527","а","10","ְ οȭ  ʹ ڴ"
"528","  ڽ","4","ģ ĳ  ʹ  .λ  ھ ݸ鿡   뿡   Ʈ."
"529","ø","10"," ȭ ʹ ƿ. ¥ ̳. 鵵 ؼ 質 볪 質 "
"530","  ","5","̸ , ۰    ƽ."
"531","Ǳ","6","ǰ ȸȯ.  ΰ  ǰ ڿ ."
"532","Ÿ¥- ","4",""
"533","ĽƮ","9"," ݸ ؾ ұ?ȭ . ̵ ѱ ʱ⸦"
"534","漭","9","Ĺݺ ű ȭ ,  𸣰  긮 Ҵ."
"535","߰ſ ","10"," ¥ վ ԰ ...ΰ  ΰ  ٽ ˰ԵǴL     ȭ ׸ŭ  ִ ޽ Ա׸   ׿"
"536","߰ſ ","10"," ¥ վ ԰ ...ΰ  ΰ  ٽ ˰ԵǴL     ȭ ׸ŭ  ִ ޽ Ա׸   ׿"
"537"," ","10","   ̷ ־.."
"538","Ʋ Ʈ","10","ð 帧   ڿ ȭ"
"539","ƿͿ λ׾()","1","  ŵ    ׸   ε簡 ض ¥ ̵͵ ȭ  0 ° ϰ ϰ ƶ ̵͵ Ѱ͵ ̶ ϱ ϴ°ǰ"
"540","߰ſ ","10","  ƴ  ߳װ~!!!"
"541","","10","  㹰 ϰ ˸鼭 ž  ó,,,"
"542","߰ſ ","10","ʹ հ ýϴٹ鵵  Ⱑ ƴѺ  ż ߵ ߵǰ丮 ʰ ʹհԺþ䰭!!!"
"543","߰ſ ","10"," Ʊ ȭ׿^^"
"544","߰ſ ","10"," ̻ѹ  ͳ׿䳻 ְ cgvþ"
"545","","10","   ž  ִ ȭ"
"546","߰ſ ","6"," ųŸӿ ȭ. հ  丮 . ū  ʰ  ׷ մϴ. ٸ, ѱȭ   Ƚ ڳ׿. ƴϸ,  κи ڸ̶ . ߰߰ ϰ ϴٰ ȭ  ȵ.!!!! ¥ !!!"
"547","޸ ","10","  ۸   ʹ Ҿ OST ߵ  ϴ,,,!!!!"
"548","Ʈ","10","ǥ  ִ Ǹ    ư  ּ  . װ          .   , 츮 ̱ ʹ."
"549","","10",",  , ۿ  ȭ ԵǾ մϴ."
"550"," ","8","ϸ鼭 丮 źźѰͰƿ.հ  ýϴ"
"551"," Ʈ","8"," ׷ Ʈ Ӱ,ϰ,ܷӰ   οѴ  ˾ִ ϳ ״  ϱ?̹ Ʈ  Ʈ 鼭 Դ Ӱ ܷο ο ߺذͰĿ ⿬ Ͻõ ִ°Ͱ  ȴٹƮ  ũѸ̴"
"552","","5"," ϸ  ѷ ָӸ 糭ȭ."
"553","Ž :  ","8","ʵ ְ Ž ڳ  ʹٴϱ 㰥ܹ Ƶд ʱ..."
"554","߰ſ ","10"," ȭ  ȭ~  ̻^^120   ʴ ȭ~  !!"
"555","̶","10"," ְ ȭ ϳ"
"556","߰ſ ","10","  ְ þ  ؼ   ~~~~!"
"557"," Ʈ","9","  ϰ, ż ϴ"
"558"," ","10",", ѷ, δ, , ѱ, ī, ͱ, , Ϻ,   ھŲ   Ǯ "
"559","40  40 Ʈ","4","ö̶¼ 丮 ʹ̻ϴ"
"560","","10","¥ ְ ȭؾߵǴ ȭ̵ ϴ ȭ"
"561","߰ſ ","10","  ⿡ .    ͸ʹ ٸ  ͸ !!!"
"562","߰ſ ","10","ϰ   谩, , ֹ~ ̻^^ȭ ~~"
"563","2012","6","   帣 ǰ߿ ׳ ̰ "
"564","ڸ ","10","PTA ¯̴ ¥..."
"565"," Ʈ","10","а˻縦 óϴ  Ʈ/ 츮Ե Ʈ ʿϴ"
"566","Ʈ ","10","ô뿡 ռ ̵   ִ ǰ"
"567","߰ſ ","10"," λ ,  λ ͸!!"
"568","  ۷θ","7","   ư  "
"569","","7","  ʾҴµ..?      ȭ"
"570","߰ſ ","10","Ⱑ 峭 ƴ... 丮  źźؼ 뺸 ξ ְ       ͸   "
"571","׺","1","Ͽ ε  ڽ ~  ε   ƽþε ϸ鼭   ϻ ߼  "
"572","Ÿ з","8"," ̻ վϴ"
"573","߰ſ ","10","ӵ ִ 2ð ųŸӿ ѱ  ͸"
"574","߰ſ ","1","ȳ⵵  Ӹ  񺭺 ִ ٸ..."
"575"," Ʈ","10","   ô. ι  ϱ 3ð¥  ָѵ, 1  ! ũƮ 3  Ʈ ϳ Ƴ . ٵ  ٽ̴ ϴ°  Ʈ ɾ!"
"576","߰ſ ","10","Ӱ ̰  Ͼ  𸣰ڴ.  ̱ߴ."
"577","ġ   ","10","  Ҽ ī ȭ  쿩ó, ġ ǳ ȭ ȭ   Ի. Ҽ ī ȭ ĭٷ ־а; Ұ, ġ  ȭ   .  پ ȭ  ȭ  õ  Ǹϰ ٰ .   ȭ ҿܹʰ   ̰  ȭ  .  ̹ ΰ ű⼭ ̽ ҳ ̹ µ  쿩 پ ȭ   ׷  ."
"578","̺  ī","7"," ȭ ´"
"579","","10"," վ ￡ ũ   ȭ ü"
"580","Ÿ ","1","ǼΰͰ°Ժҹڹۿ亹ֽĵ̳ηִµ"
"581","ũ Ʈ","10","Ŀ ̸ ӻ̳.. Ʈ .."
"582","߰ſ ","4","¥ ̾,  װ Ѹ ´? , Į ¾Ƶ װ Ǵٰ ̴ٿ ֿ cgv 1ȸ  10 "
"583","","2","ְ ڸ޵ ȭ!!"
"584","߰ſ ","9","  ׳ پ˾Ҵµ  ߸ϴ ⵵ ϰ ð   ȭ  ϰ ôµ ǿܷ վϴ. .κ  ϰ  ణ λ ƴ ׷  ϰ մϴ.  ˹پƴ ¥ Դϴ."
"585","߰ſ ","10"," ͸  .  ⵵ ̰ Ҽ ̶ ׷ 丮 ¯¯"
"586"," Ʈ","8","ϴ  Ʈ"
"587"," Ʈ","1","  OST Ҵٰ??"
"588"," Ʈ","8","öϰ ׵   ׸ ü 翡 Ѵ."
"589","ĵ  ڸ","10","  ȭó׿~ Ф"
"590","","3","鼳    ."
"591","߰ſ ","10","  ϳε  ġ ϴ..   ۰   ´ ȭ"
"592"," ","6","  ̴ Ƹٿ "
"593","漭","7","ֳ̾,    ڽ̿."
"594",":  ","7","ȭ ɼ ȿ Ǻΰ  Ͽ "
"595","̳Ÿ","6","¸ 丮 ̳ "
"596","߰ſ ","10","ڵ    ϳ׿.   մϴ."
"597","߰ſ ","10","Դ   帣  帣 ʿؼ ̾߱    Ѵ. ͸    ȫ   Ȥڰ .  ó, ,    پ. 帣   ٸ Ѵٰ ܸѴٰ ؼ  ʴ ǰ  ӿ ư ִ       ִ. õ  Ǹ ̴."
"598"," ","10","ְ ʹ ̻.    ִ   "
"599","̻  ","10","ʵ̿   ýϴ"
"600","","2","ȣ TV󸶰  ̴."
"601"," ּȸ 0","10"," Ÿ.... ...."
"602","λ̵ ","10","޼ӿ ̰  ϰڴ"
"603",":  ","4"," ?? ټҳེ  ȭ  ʾҴ"
"604","漭","8","ȭ   ϰ ִ  "
"605","λ Ƹٿ","10","ڻ簡     Ҹ̾.  ."
"606"," ð","1","? ? ̷? ? 1  ƴϳ?"
"607","","1","ʹʹ پϰ ϰ ϴ. ׷  ."
"608"," ð","8"," ǵ  صǳ  δ   ~~ᱹ   ƽ׿"
"609","Ʈ: ","4","Ʈ 3 ɷϰʹ...  ǹ̴ ִ ̶ ."
"610","̾ ҵ","8","     ִ ȭ...  ʰ   ̲ ...  б"
"611","Ź ϳ ","6","ũ ̺ 󱼸 վ"
"612","ζ","10"," 긮 "
"613","ģ","10","   ݵ  ʴ ȭ"
"614"," Ÿ","10","ȭ ߿ ģ  ϴ ȭ"
"615"," ũ","10","ΰ  ذ..ᱹ   ص ڽ ϰ  θ ̴."
"616","Ź̼Ҹ","10","' Ϸ ȭ  ô.'  ȭ ְ,      ɵ ٽ ãƺ Ǵ ȭ ִ. ȭ <Ź̼Ҹ> ڴ.  ︲ ִ ȭ."
"617","߰ſ ","10"," ؿºմϴ ٸеվ"
"618","߰ſ ","10","ƴ Ǵ޵ ̷ 縦  Ǵ°?  Ǵ ̾߱ϴ.  οµ~  ׿!"
"619","߰ſ ","10"," մϴ."
"620","ǳ ","8"," ī ȭ ڱ ϴ    ٱ   ."
