"","comic.name","comic.summary","comic.grade"
"1","조폭소녀","개그 스릴러","9.59"
"2","학교가는 고등어","요즘애들이란 이상해","9.84"
"3","낮잠 자는 사람들","창작인밀착일상툰","9.91"
"4","궁궐의 맛","궁궐의 맛","9.76"
"5","김작가의 오춘기 그림일기","오춘기를 앓고있어요","9.85"
"6","좀비다이어리","격리구역 탈출기","9.88"
"7","오늘의 후기","매일 살아가는 후기","9.78"
"8","베텔게우스","별과 시간과 사람","9.61"
"9","소란 씨스터즈","가족 일상 웹툰","9.68"
"10","핫캣일기","느긋한 열정 고양이","9.81"
"11","가수마왕","노래 부르는 마왕","9.34"
"12","슬기로운 재수생활","재수생활 염탐하기","9.78"
"13","세상은 그대를 중심으로","운명의 중심 호인","9.53"
"14","악마법소녀","마법과 내뱉은 말","9.92"
"15","바프일기","바디프로필 도전일지","9.76"
"16","지극히 평범한 생활","!! 일상툰 !!","9.91"
"17","망탁","호러 액션 느와르","9.50"
"18","말의 씨앗을 보는 아이","말이 씨가 된다.","9.74"
"19","나랑, 아니면","시아와 하루이야기","8.48"
"20","드라코 하트 (Drache Heart)","몬스터 레벨업스토리","9.15"
"21","김치걸 x 밀크티보이","한국여자+홍콩남자","9.87"
"22","눈사람사람","사람이 되고 싶어?","9.26"
"23","아빠는 N살","아빠 4컷 그림일기","9.91"
"24","산군대잔치","강아지 산군의 일상","9.86"
"25","미필은 노하이","대한군필 만세!!","9.85"
"26","태풍의 빈티지샵","깡패 잡는 사장님","9.69"
"27","지킬 앤 킬","지켜야 할 애인을","8.00"
"28","팬 건 네가 처음","여우와 소년의 격돌","9.00"
"29","블루랜드","색을 잃고 살아남다","9.90"
"30","그들이 사는 세상","과고에서 1등하기","8.52"
"31","졸렬☆다이나믹","다이나믹 초딩들","9.92"
"32","노른자들","늘 혼자들의 이야기","9.86"
"33","500원 토끼","500원토끼의 일상","9.73"
"34","식봉툰","일상적인 이야기","8.81"
"35","오늘부터 G.A.B님과 함께 살게 되었습니다","이 보안만화,웃기다","8.25"
"36","내일은 낯선 행성을 걷는다","밤 9시의 산책","9.83"
"37","오디네리 피플","우리집, 당신집, 누군가의 집. 그저 평범한 가족이야기!","9.41"
"38","원인탐구생활","일상, 고양이","9.89"
"39","THE","자신을 찾을 이야기","9.50"
"40","너구리네 육아일기","육아일기","9.77"
"41","어둠의 일상툰","어둠의 일상","9.69"
"42","너만 바라 봄","캠퍼스 로맨스","9.49"
"43","나를 위한 봄","일상학원로맨스","8.55"
"44","로맨스 판타지 아닙니다","로판 아니고 판스","9.55"
"45","로로의 일본생활 다이어리","일본 먹부림 일기","9.82"
"46","여신님의 키링남은 불로불사!?","동양 판타지 청춘물","9.60"
"47","찌복툰","작가의 코믹 일상","9.62"
"48","유산은 처음이라","또 유산입니다","9.67"
"49","안녕오존","오존의 일상개그툰!","9.92"
"50","자라나라 모리모리","털이 없는 모리의삶","9.85"
"51","기후위기인간","지구와나의 연결고리","9.88"
"52","가족입니다.","가족 이야기","9.01"
"53","백일고 상상클럽","우리들의 상상이야기","9.87"
"54","마루하루","11살 강아지 마루","9.81"
"55","방구석수필","실화 단편 에피소드","9.93"
"56","이프위","불과 물의 연애","9.85"
"57","살귀","살인귀들","9.24"
"58","소환진이 좀 이상해 보이는 건 기분 탓이겠지","판타지!","9.93"
"59","이상낙원","마법 학원 판타지","9.89"
"60","집에서 뒹굴뒹굴","집에서 애둘 키우기","9.86"
"61","버츄얼 이온","버튜버가 된 소녀","7.49"
"62","고고고","집사가 되어라!!!","9.91"
"63","오늘의 난","오늘의 난, 난그림","9.56"
"64","채채쓰의 웃픈일기","왜 삶은 웃플까요?","9.83"
"65","꼬밍 베이커리","소원의 빵, 꼬밍","9.74"
"66","집순이에 대하여","집순이들의 일상","9.80"
"67","과학고 생존일지","과학고에 간 문과생","9.83"
"68","푸들가족","날리부루스윌리스","9.02"
"69","파운드캣","식빵을 닮은 고양이","9.89"
"70","퀸비","SF,액션,서바이벌","8.56"
"71","일상견문록","여러나라 일상이야기","9.88"
"72","꿀꾸리? 꿈꾸리!","중학생 꾸리일기-","8.74"
"73","Baby Boy Brother","연하남연애시뮬레이션","9.75"
"74","나는 오늘, 퇴사를 하였다.","퇴사, 이후 이야기","9.68"
"75","종말 본능","종말 속 괴물 소년","9.60"
"76","게으른 고양이의 soso한 카페이야기","카페운영일상툰","9.84"
"77","고막남친","순정코믹 학원성장물","9.30"
"78","딴 짓이 제일 재밌어","딴 짓 찾아 놀기","9.75"
"79","소녀순백","순수하지 않은 소녀","9.44"
"80","백설공주와 마녀의 계약","그 결혼 반댈세","9.47"
"81","예수쟁이 다이어리","예수쟁이의 일상","9.32"
"82","자작 보드게임 동아리","자작 보드게임 만화","9.77"
"83","하프타임 바운스","인생의 절반으로","9.15"
"84","카르엘","인어와 칼과 흉터","8.29"
"85","홈 스윗 홈","네식구 사는 이야기","9.86"
"86","누나미워!","누나와 동생의 일상","9.91"
"87","제목이 7080 만화","7080 이야기","9.89"
"88","본격 북유럽 신화 만화","신화 설명하는 만화","9.93"
"89","어느날 보청기","보청기 이야기","9.89"
"90","서울 아포칼립스","좀비아포칼립스 만화","9.69"
"91","날림생활기","날아간 일상을 기록","9.78"
"92","어게인, 아린!","잔혹동화 판타지","9.68"
"93","그 냉장고 안에서는","냉장고 속에서","9.71"
"94","너로 인해 꿈을 꾼다","날죽이는 그녀는..","9.55"
"95","전지적덕후시점","나의 덕질 라이프","9.69"
"96","육식 토끼","평범 콤플렉스 토끼","9.80"
"97","힐러인데 마왕!?","세계관 최강 힐러","9.73"
"98","새하얀 나비다드","좌충우돌하는 학생들","9.64"
"99","호텔불란서","갑자기 호텔리어","9.75"
"100","가족이되는과정","아기천사가 찾아왔다","9.85"
"101","북한의 아이","복희의 성장 스토리","8.84"
"102","해체부대","요즘 군대 이야기","9.49"
"103","국밥소녀","국밥에 미친 소녀","9.18"
"104","별을 품은 꽃","로맨스일상","9.73"
"105","일상중의 일상툰","상중의 이상한 일상","9.57"
"106","158동 진상부부","부부의 진짜 일상","9.44"
"107","우당탕 입큰이","입만 살았네","9.75"
"108","별새의 여행자","소녀의 우주여행기","8.91"
"109","어느새 대학생","미대생의 대학생활","9.38"
"110","soso한 보통의","보통의 일상들","9.80"
"111","중딩의 학교생활","중학생의 일상","8.17"
"112","살아서 만납시다","PTSD일기","9.85"
"113","우리네 이야기","유쾌한 직장인들","9.80"
"114","홍시관찰일기","아기를 싫어하던 여자가 아기를 낳았다!","9.86"
"115","두리안은 과일이 아니야!","두리안이 나타났다!","9.27"
"116","그때로 돌아갈 수 있다면","추리 범죄 스릴러","9.12"
"117","BL작가 화이팅!","BL작가와PD의썸씽","8.60"
"118","S탐정 앙드레","진짜 탐정은 하나","9.92"
"119","외국 in 한국","영국인의한국생활","9.87"
"120","촉법","촉법 능력자?!","8.51"
"121","CMYK","의식의 흐름 만화","9.16"
"122","이래봬도2학년","초등학교 이야기!","9.76"
"123","배반을 모르는 푸른 꽃을 위하여","로맨스 판타지","9.64"
"124","던전 헌터 그 녀석들","던전의 기묘한 헌터","9.59"
"125","뱀파이어의 연금술","연금술사와 뱀파이어","9.58"
"126","가스맨","엥 내가 히어로?","9.67"
"127","만월에 핀 연꽃","고려시대 사랑이야기","9.67"
"128","남편봇과 사는법","로봇같은남편과 살기","9.93"
"129","자퇴생은 그림 그려","자퇴생 일상툰","9.71"
"130","원래부터 아무것도 없었던 세계","시리어스 메타픽션물","9.82"
"131","급식으로 사는 법","리얼 학교생활","9.04"
"132","카오스이론","오브젝트헤드 판타지","9.88"
"133","[BL] HOLY JUNK","두 사람의 삶","9.58"
"134","한지붕 새가족","꿀잼 가족 시트콤!","9.63"
"135","여배우 안태이","여배우의 이야기","9.36"
"136","사자머리와호깜대","뻔뻔한 냥이들의일상","9.79"
"137","우리집 강아지는 복슬강아지","댕댕이와의 일상:3","9.89"
"138","모호담","스릴러 단편집","9.53"
"139","난편하다","주인공의 성장스토리","9.73"
"140","귀신잡는 해병대","헤이빠빠리빠","9.17"
"141","신을 죽인 아이들","미쳐버린 신을죽인다","8.81"
"142","의대생 하루","의대생의 리얼 일상","8.85"
"143","덩키파티","어떻게 살아야 될까","9.69"
"144","나의 대주주가 되어주오","소꿉친구와 재회","9.61"
"145","너와 가까워지는 거리","소프트BL","9.71"
"146","기억 속 너에게","판타지 성장물","8.91"
"147","루이와 졸개들 R","나만알고싶은 양아치","9.78"
"148","인간동물원","인간동물원 탈출기","9.78"
"149","다시 한 번 리유스!","두번째 청춘","9.68"
"150","24시간","살인마를피해탈출하라","9.63"
"151","나의 애니메이터 이야기","나는 애니메이터","9.39"
"152","빛, 봉인의 열쇠","마스터 키를 찾아서","9.75"
"153","하루한끼 감정일기 시즌2","아기자기힐링 음식툰","9.83"
"154","너는 나의 2%","소꿉친구 병맛로맨스","9.88"
"155","나만 모르는 이야기","혼자인사람들의이야기","9.78"
"156","이게좋아","우린 무슨 관계지?","8.90"
"157","1년 동안 잘 부탁해!","우당탕탕 기숙학교!","9.53"
"158","불손한 친구들","불손한 친구들 일상","9.85"
"159","네일을 향해 쏴라","남자의 네일 도전기","9.04"
"160","성별역전","소꿉친구","9.68"
"161","나는 0대생","공대생 일상툰","9.79"
"162","[일상 로맨스] 그냥 선생님","선생님의 일상로맨스","9.93"
"163","더 위시","솔로몬의 마법단지","8.90"
"164","어쩌다 주짓수","어쩌다 주짓수 코치","9.71"
"165","얘! 알바야","편의점 알바 일상","9.88"
"166","하루땃따","시트콤 같은 일상툰","9.91"
"167","막내는 다 알아요!","다섯 가족의 일상","9.78"
"168","삼자대면","세 쌍둥이의 일상!","9.82"
"169","녹는점","지구온난화","9.73"
"170","아틀레냐 비바체","치유계 개판물","9.88"
"171","루텔","력家네","9.90"
"172","칠흑의 장미","남주가 빌런","9.88"
"173","소중한 하루를 살다","소중한 일상 만들기","9.72"
"174","마이데이","청춘 성장 로맨스","9.69"
"175","무직백수 계백순","백수로 살기","9.65"
"176","다 홀로 집에","365박  집캉스","9.44"
"177","맹랑맘마 ing","현재진행형 일기","9.84"
"178","생각보다 잘 자랐습니다","가정폭력 그후10년","9.91"
"179","이딴여행","여행포토툰","9.78"
"180","모텔 304호","본격 모텔 스릴러","9.46"
"181","귀현설(鬼現說)","공포 클리셰를 깨자","9.38"
"182","불쌍한놈","죽지 않는 소년","8.43"
"183","제 4의 벽","우린 만화 캐릭터다","9.15"
"184","울지마요, 마왕의 땅","내가미래의악당?","9.86"
"185","코코피시방","일과 thㅏ랑","9.56"
"186","좋은 꿈 꿔","꿈으로 시작된 사랑","8.74"
"187","나는 마요 집사로소이다","쉽지 않은 집사생활","9.86"
"188","소심인사회","소심인사회","9.90"
"189","제제와 함께","장애아이와 형제","9.80"
"190","백작저를 나가야 하는 이유","로맨스 판타지","9.78"
"191","봉산코믹스","비극과희극 단편선","9.78"
"192","여우신부&뱀신랑","뱀과 구미호 이야기","9.66"
"193","육아도 경력이 될 수 있다면","육아 에세이툰","9.72"
"194","고냥고냥","취준생 고냥이","9.90"
"195","붉은 이정표","판타지 복수극","9.88"
"196","결혼하고 싶지 않았는데 못하게 되었다.","안하느냐 못했느냐","9.85"
"197","코실룩코실룩","토끼는<U+00A0>마성의<U+00A0>동물","9.44"
"198","패러렐 필름","평행세계로맨스&복수","9.53"
"199","눈치없는 내 친구!","청춘 캠퍼스 개그물","9.79"
"200","별을 향해","별 여행 이야기","9.22"
"201","매그니피센트","위대한 우리들","9.80"
"202","신혼좀비","좀비 패밀리","9.89"
"203","극장에 유령이 나오면","캠퍼스스릴러판타지","9.57"
"204","낫론니 포레스트","할머니와 도마도!","9.91"
"205","하나리즈","레즈비언 커플이야기","8.99"
"206","뭉가툰","뭉가의 개그일상","9.80"
"207","잇츠라니타임","MZ세대 부부살이","9.86"
"208","말레이시아 리스키씨","말레이시아 교민일기","9.89"
"209","고로나 바이러스","썩은 연애 구출기","9.01"
"210","윤덩까툰","윤덩일상 영국편","9.40"
"211","죽 쑨 만화","아싸 대학생의 일상","9.82"
"212","만유인력의 법칙","1960에서살아남기","9.88"
"213","1억 받고 고백하기","이걸 안 해??","9.78"
"214","아타나시아","마법과 불사","9.67"
"215","정령왕즈","정령왕들이 조잘조잘","9.88"
"216","육식고","동물로 변하는 세상","9.49"
"217","8470원만 주면 KISS 해주는 놈","인터넷소설 세상으로","9.66"
"218","경기예술고등학교 19기 G-CAF","경기예고 창작만화","9.69"
"219","신들의 킬러텔","신 VS 문명","9.70"
"220","알고 싶니 마음, #심리툰 by 팔호광장","알고싶니 마음","9.78"
"221","해골 잭","다크판타지 소년만화","9.81"
"222","드림캐처","악몽 vs 드림캐처","9.34"
"223","아엠낫히어로","악당영웅의아이키우다","9.14"
"224","흑월의기사","괴물과 괴물사냥꾼","9.73"
"225","이클립스","중세풍 판타지","9.86"
"226","개그용사","파르스와 니케의모험","9.34"
"227","게임에 접속했습니다!","게임하는 고딩들","9.77"
"228","곰인형 좋아하세요?","새내기 로맨스","9.11"
"229","백일몽화원","매력세계관 판타지","9.71"
"230","원더키퍼","너를 지키는","9.90"
"231","네, 아직 아파요","정병러 그림 일기","9.53"
"232","오마이셋!!!","애가 셋입니다만..","9.89"
"233","허니허니2 - 느리지만 괜찮아","초보아빠 육아일기","9.90"
"234","소라비의 잡화점","#로판  #남장여자","9.82"
"235","우주가 되는 방법","두 남자 해변라이프","9.29"
"236","오퍼레이터","창조주에 대적해라!","9.46"
"237","달토끼","달에서 온 무언가","9.30"
"238","호구","호구가 된 타짜","8.70"
"239","어시스턴트입니다","어시스턴트의 일상","9.82"
"240","티레시아스","판타지 순정만화","9.85"
"241","무쇠","악과 선의 이야기.","9.81"
"242","백발의 유성","액션/로맨스판타지","8.94"
"243","우리들만의 싸이커","프리스타일축구만화","7.93"
"244","여기서 한잔할래?","수달의 혼술툰","9.72"
"245","마피아게임에 어서오세요","살인 마피아게임","9.64"
"246","우리 카페 사장님이 이상하다","이상한 카페 알바기","9.93"
"247","슈체나리움 (Szenarium)","하늘섬판타지","8.99"
"248","테일 오브 빌런","동화속악당의 이야기","9.91"
"249","후손들의 이야기","SF","9.88"
"250","신과의 대화","즐거운 이야기","9.76"
"251","마족사제","사제님은 마족?","9.89"
"252","싱글맘맘이야","싱글맘의 생생 실화","9.94"
"253","스물 다섯, 어디로 가야 하죠?","솔직한 우리의 일상","9.86"
"254","안녕 나의 수집","오늘은 뭘 비울까?","9.93"
"255","최악의 구원자","아슬아슬 로맨스","7.91"
"256","Twins Love Story (트윈스 러브 스토리)","쌍둥이의 사랑이야기","9.86"
"257","로마의 법칙","이태리 직장인 늘보","9.92"
"258","스크류 드라이버","아이를 잃은 아버지","9.90"
"259","B연애주의","연애는 선택","9.80"
"260","그릇!","동양편대판타지","9.86"
"261","오늘도 냥냥냥♪","반짝반짝 빛나는","9.87"
"262","목욕탕 신령님!","판타지 시트콤","9.26"
"263","살인여행","코믹스릴러","9.05"
"264","THE 극한가장","네가족의 일상툰","9.79"
"265","카나와 초나의 독일","독일 생존기","9.88"
"266","죽음과 동화","두려움.증오.사랑","9.88"
"267","니나 내나","귀욤뽀작 일상툰","9.85"
"268","귀여움이 죄라면 너는 사형!","귀여우면 유죄입니다","9.88"
"269","도원향","우주경찰서 도원향","9.89"
"270","누루누루 음식만화","음식 탐닉 일상툰","9.92"
"271","교수도 사람이다","교수도 사람입니다","9.78"
"272","숲의 향연","인격이 있는 숲.","9.73"
"273","분신캐리","분신이캐리했다","9.74"
"274","이 세계 마왕님","인간소녀와 괴물마왕","9.84"
"275","황녀의 기사","판타지 드라마","9.89"
"276","잠깐만! 아이돌 좀 하고 갈게","아이돌 판타지","9.76"
"277","러시아-워!","해외창업개그만화","9.91"
"278","깜빡깜빡","반짝이의 일상","9.92"
"279","곰팡남녀","보통의 경계","9.90"
"280","모두의 미아씨","미아씨의 매일매일","9.45"
"281","참을 수 없군","너,화장실로 올래?","8.88"
"282","사람 사람 사람","원트와 사람들","9.63"
"283","저승길잡이","이승과 저승의 경계","9.90"
"284","왕과 그림자와 여자","되풀이되는 관계","9.76"
"285","귀신사양복점인턴생","현대로맨스판타지","9.30"
"286","남사친의 정의","너희 둘 사귀어?","9.75"
"287","존버닥터","섬탈출까지 존버해라","9.75"
"288","렌시","포션사의 이야기","9.93"
"289","허무의 기록","옴니버스 단편선","9.89"
"290","채똘일기","채똘일기","9.61"
"291","너랑 대화 하고싶어!","엉망진창 로맨스","9.55"
"292","대학교 수감기록","이젠 대학교에 수감","9.76"
"293","오늘도 분홍했분홍","일상툰","9.84"
"294","아마도","미스터리 스릴러","9.57"
"295","초능력의 도시","초능력 판타지","9.68"
"296","헨젤과 마녀 그레텔","마녀를 조심해","9.66"
"297","엔피씨(NPC)","NPC가 된 용사","9.42"
"298","월국의 프락세이스","소년과 세계,스피릿","9.63"
"299","어쩌다 햄스터","초보집사와 초보주인","9.74"
"300","김네몽로그","그 김네몽 맞아요!","9.71"
"301","메모리얼","기억을 찾아서","9.72"
"302","월혼","여우인간의 생존사투","9.75"
"303","마이툰","두딸키우는 아재일상","9.67"
"304","30일의 시간여행","완결★★★★★","9.55"
"305","내 어깨 위에 공룡","소녀와 공룡 귀신","9.80"
"306","띵동! 도토리에요","너튜브하는 마법사","9.76"
"307","엘카림이 들어줄게!","SF+판타지 액션.","9.79"
"308","격리구역","기숙사에서 살아남기","9.56"
"309","그리마 콘텐츠","돈벌레 인간 방송","8.63"
"310","호구 도사","동양 판타지","9.77"
"311","대학원 탈출일지","대학원에서 살아남기","9.91"
"312","잘먹는 가","본격 음식예찬툰!","9.82"
"313","악괴를 잡아 너를 지키겠습니다.","여주판 액션 로맨스","9.49"
"314","계단","병이 낫는 계단","9.60"
"315","평양냉면 완전정복","평양냉면 식도락","8.60"
"316","라이즈(RISE)","너의 마력은 루시퍼","9.73"
"317","떴다! 자취생","토깽이의 인생일기","9.44"
"318","1717","17년이 지났다.","9.77"
"319","아오링도쿄","도쿄 시트콤","9.91"
"320","새벽녘 그늘에 피어난","어우러지는","9.68"
"321","간보는 연애","첫사랑 할수있을까?","8.86"
"322","원룸202호","추리 스릴러","8.66"
"323","냠냠일기","오늘은 뭐 먹지","9.89"
"324","실험학교","변형자들의 학교","9.90"
"325","게임이 쳐들어왔다.","게임 속 액션판타지","9.34"
"326","바람따라 물따라","역사인물만화","9.74"
"327","랭커앤랭커","초능력학원물","9.80"
"328","빅타이거","가장 큰 호랑이","9.52"
"329","일찍 자고 일찍 일어나기","아침형 뱀파이어","9.91"
"330","조선 왕실의 신화","유교 신화 이야기","9.79"
"331","우리는 예상치 못하게","그럴 때가 있잖아요","9.89"
"332","정의를 위한 나라","소년모험판타지","9.54"
"333","리드래프트","야구에 만약이있다면","9.83"
"334","숲속의 성","자유연재","9.88"
"335","[GL] 유빈이는 기여운데","본격 여고 로맨스","9.63"
"336","비밀의 정원","오컬트 성장 드라마","9.39"
"337","DJ 카일하우스","세계가 우리 무대!","9.84"
"338","특이점 2045","A.I.로봇VS인간","9.87"
"339","왕과 나","세자는 여인이다.","9.75"
"340","에스테리아","작은 별의 주인","9.81"
"341","나의 카이생활","카이스트 일상툰","9.78"
"342","생산직 툰","생산직 4컷 만화","9.78"
"343","좀비 플래너","좀비 플래너","9.82"
"344","정크이터","쓰레기를 먹어라!","9.74"
"345","절대신의 유희","사후세계 판타지","9.85"
"346","새벽인력","꿈꾸는 일용직","9.77"
"347","런어웨이","초능력자들의 이야기","9.80"
"348","초시공아기!!","기상천외 대행진!!","9.55"
"349","헬스하는 용사님!","헬스하는 용사님","8.97"
"350","미치광이 맥","심부름꾼의 이야기","9.77"
"351","예청","조선 여군 '예청'","9.62"
"352","종이를 주웠다","종이의 성장과 사랑","9.65"
"353","점심을 위하여","대학 점심을 위하여","9.71"
"354","벌레 이야기","킬러와 그녀","9.75"
"355","클로버 신드롬","능력자 학교 이야기","9.60"
"356","천상대전","천상대전","9.87"
"357","옆집에 그녀가 산다","옆집의 특별한그녀!","9.63"
"358","저주라는이름의축복","← 키안 (♂)","9.86"
"359","우당탕탕 휘삐 생존기","n잡러 한국어 선생","9.88"
"360","다람쥐 란란","마이웨이 일상","9.88"
"361","반오십부터 그림일기","평범한 으른일기","9.85"
"362","꽃샘바람","동화의 사랑 이야기","9.54"
"363","돈벌다 만난사이","돈벌다 만난 덕후들","9.79"
"364","광고감독의 발암일기","광고감독의 웃픈일상","9.65"
"365","미친 꽃은 답도 없다","로판 / 자유연재","9.67"
"366","시카 단편선","여러가지 단편들","9.92"
"367","솔의 일기","흔하면서도흔하지않은","9.79"
"368","렌즈빨 홍석순","혹시 내 눈 예뻐?","9.53"
"369","분노의 난임일기","난임 정복 웹툰!","9.78"
"370","드래곤메이커","용키우는만화","9.89"
"371","헤이쟝","고양이 쟝의 일상","9.77"
"372","악마인간","왕따 히어로 액션","8.98"
"373","엑스트라A","신에게 복수한다","9.58"
"374","지새는 밤","잔잔 엉뚱","9.79"
"375","시크릿 하숙집","일상 판타지 시트콤","9.69"
"376","외계에서 온 지구인","외계에서 온 지구인","9.83"
"377","부서진 평시","연쇄살인의 내막","9.72"
"378","매지컬팡","명랑만화 매지컬팡","9.85"
"379","여우말고 알바생?!","연지와 불청객","9.74"
"380","디나운스","패션, 드라마","9.75"
"381","저승파견고용직","기묘한 러브액션로망","9.90"
"382","시간과 사연","사남매 이야기","9.80"
"383","너는 나의 나는 너의 수호천사","로맨스판타지","9.88"
"384","충견","괴물과 싸우는 괴물","9.15"
"385","흑묘","검은 고양이 사냥꾼","9.71"
"386","나의 별에게","감성로맨스","9.88"
"387","더 리턴","왜 우린 달라?","9.68"
"388","인형의 꿈","작은 소망이야기.","9.82"
"389","이런 소설 같은 사랑!","안사랑? 유사랑!","9.78"
"390","누들트럭","스트릿푸드 생존기","9.30"
"391","로그 아일","판타지 생존기","9.74"
"392","나는 엄마다","괴물엄마와 인간 딸","9.80"
"393","드림걸즈","그녀들의 농구이야기","8.61"
"394","까만 동화 : 인형의 집","잔혹동화","9.87"
"395","너의 뒤에서","사랑따위...","9.65"
"396","하얀 하늘 꽃구름","비밀스러운 동아리","9.89"
"397","분신사가","분신들과의 동거!","8.76"
"398","액터즈 나이트","약자들의 생존전략","8.90"
"399","어둠의 창 번외편-토아 이야기","토아의 성장기","9.56"
"400","77년생, 열아홉","멈춘 시간","9.48"
"401","안녕,호두","소소한 일상툰!","9.88"
"402","발버둥치다","우울증 이야기","9.89"
"403","가위바위보","지면 죽는다.","9.62"
"404","피카부!","요괴 학원물","9.36"
"405","곰의 딸","소녀의 모험","9.52"
"406","직장인 다이어리","40대 가장의 일상","9.36"
"407","좋아하는거 참으면 병나요!","좋아하는건 못참아","9.73"
"408","없는자들","없어진 부x을 찾아","9.53"
"409","아라군주","범고래 판타지 액션","9.59"
"410","크림슨 크로스","희망의 가치.","9.78"
"411","아스테리스크","용과 소년소녀","9.89"
"412","채팅게임","극복과. 성장","8.41"
"413","질주","초능력 판타지","9.80"
"414","송양 게스트하우스","송양","9.77"
"415","금잔화가 피는 여름","동양 판타지","9.14"
"416","순임이","엄마의 엄마 이야기","9.89"
"417","호랑이비","너도 나와 같길","9.44"
"418","라텔론","멜로 액션 판타지","9.11"
"419","디플로마티코","스페이스 오페라","9.75"
"420","겨울이 사라진 계절","겨울 없는 세상에서","8.27"
"421","물고기로 살아남기!","신개념 게임 판타지","9.61"
"422","주파수","힐링 로맨스 판타지","9.39"
"423","시크릿가족","성교육웹툰","9.87"
"424","소소한 일상기록툰","소소한 일상의 기록","9.92"
"425","중딩툰","중딩이 그렸던 웹툰","9.50"
"426","LADS'PARTY","판타지 액션","9.58"
"427","휴지통","잔부스러기같은 행복","9.88"
"428","마녀의 키스","마녀와 소년 이야기","9.46"
"429","올어바웃 You","귀염뽀짝 국제육아툰","9.86"
"430","내 매력에 퐁당","내 매력에 퐁당!","9.57"
"431","전설의 미친 전교1등","입시비리vs전교1등","9.60"
"432","재워주는 사이","재워드릴테니재워줘요","9.69"
"433","마지막 소원을 이뤄주는 사무소","마지막을 아름답게","9.68"
"434","사예의 식이장애 일지","식이장애 이야기","9.76"
"435","제네틱 아이러니","성별이 바뀐다고?","8.38"
"436","마롱의 마카롱","디저트 먹는 만화","9.86"
"437","고양이식당","요리천재 고양이","9.75"
"438","일월의 선화","동양풍 성장 판타지","9.82"
"439","우리반 여신","행운의여신우리학교에","9.65"
"440","마이웨이수호신","로코+환생판타지","9.17"
"441","플래닛자이언","월드와이드 SF극화","9.37"
"442","하트샷","징크스 극복기","9.57"
"443","소도시에 삽니다","지방 소도시의 일상","9.93"
"444","리사이클 : 클래식 코드","모든건 계산 아래.","8.81"
"445","결혼 후, 보통의 삶","묘한 중독 짱매의 매일매일","9.90"
"446","다시, 닻별","엉뚱발랄 일상이야기","5.76"
"447","미신","사이비 호러스릴러","9.66"
"448","우리집엔 호랑이가 산다","호랑이굴에서살아남기","9.92"
"449","주말엔 보랏빛 향기","성장 로맨스","9.72"
"450","작은 집에 사는 커다란 개","강아지와 사람 얘기","9.92"
"451","광해와 이순신","전쟁을 이긴 영웅들","9.59"
"452","소울","코믹액션 더하기 환타지","8.93"
"453","앙(怏)","일진생활 청산","9.28"
"454","매일의 선물","다정한 선물 가게","9.86"
"455","더 익스트림","TheExtreme","9.34"
"456","안녕, 앨리스","로맨스 판타지","9.83"
"457","다음 생도 신이 되겠습니다.","신이 되려는 소녀","9.27"
"458","개판오분전","이판사판","9.66"
"459","궤짝","어두운본성을마주하다","9.76"
"460","프라이머리 컬러","게임회사 입사꿀팁!","9.78"
"461","헬로,로시!","판타지 모험 이야기","9.71"
"462","가상&RPG","가상현실 액션RPG","9.88"
"463","에이전트","대한민국비밀특수요원","9.68"
"464","주작작 주주작","영짐승 배틀물","9.67"
"465","단편만화","단편 이야기","9.27"
"466","이데아 프로젝트","능력자 판타지","9.83"
"467","에고 인 휴고","지킬 박사의 후손","9.80"
"468","현피뜨던사이","평강이의 온달찾기","9.53"
"469","치즈범벅","치즈고양이형제 일상","9.84"
"470","신들의 극장","역사,철학속 로맨스","9.85"
"471","느린한끼","요리 만화","9.88"
"472","미스터 신데렐라","신데렐라가 남자라면","9.78"
"473","천상열차분야지도","옥황상제와 별자리","9.87"
"474","써니서프 - 혜진 이야기","서핑 힐링 드라마","9.67"
"475","러브 유어 시스터","사랑스럽고수상한남자","9.82"
"476","환생 세탁소","환생원에 어서오세요","9.77"
"477","당신의 쓸모","우리는 식물성이야!","9.51"
"478","절교여행","절교여행 버라이어티","9.82"
"479","범고래아가씨","달달한 연애일상","9.68"
"480","사장님은 떡뽀끼!","분식집 일상물","9.65"
"481","사랑하는 계절","자유연재","9.73"
"482","백작가의 상인","백작가의 상인","8.60"
"483","공작일보 工作日<U+62A5>","보주장의중국이야기","9.38"
"484","오 사장님은 상사병","오사장의상사병고치기","9.71"
"485","성녀가 아니라 마녀였습니다!","로맨스 판타지","9.74"
"486","그대로 멈춰라","시간이 멈춘 세계!","9.68"
"487","이불 밖 달리기","저질체력인생과 운동","9.91"
"488","오사와 오폐수들","오레오사냥꾼의 일상","9.92"
"489","위시(WISH)","뱀파이어소녀와아저씨","9.69"
"490","커다랗게 울었다.","대학가 스릴러","9.28"
"491","고량","범 내려온다","9.89"
"492","단편들","단편만화","9.90"
"493","장르 섞인 만화","개그랑 로맨스 섞임","9.75"
"494","내 몸을 잘 부탁해!","세대공감 판타지","9.57"
"495","나만 모르는 연애","'연애'가 뭔데?","8.34"
"496","클로저","불운은 이제 그만!","8.84"
"497","별종위기종","멸종위기급 별종들","9.77"
"498","우릴 걷는 너에게","아이들만 남은 세상","9.62"
"499","용사가 되고 싶지 않아","영웅 서사 부정극","9.91"
"500","내 계절에 있어줘","널 만나서 다행이야","9.87"
"501","여긴 불빛이 안 드는 곳이야","학교 로맨스 코미디","9.84"
"502","-","-","9.87"
"503","두가지 비밀","짝남이 친구 남친","9.58"
"504","그래도 하루는","희노애락 투병일기","9.88"
"505","두번째 나에게","바디체인지 로맨스","9.73"
"506","이 결혼을 막아라","이 결혼을 막아라!","9.91"
"507","뇌명의 하라","판타지모험액션 만화","9.81"
"508","로맨스의 신","기묘한 결혼정보회사","9.47"
"509","살인교사","사람을 죽였습니다.","9.60"
"510","날개 부러진 새의 노래","타인이 되는 두남녀","9.68"
"511","페카텀","신과 사제의 이야기","9.78"
"512","바사무엘","판타지 드라마","9.87"
"513","평범한 도화살","도화살 로맨스","9.13"
"514","힝구의 견생일기","동네개들의견생라이프","9.91"
"515","도곰보와 친구들","귀여운 병맛만화","8.81"
"516","잠입! 재벌고","로맨스릴러 학교잠입","9.28"
"517","이상과 현실","일상의 철학","9.89"
"518","여우자매","연재협의중","9.90"
"519","메디오(MEDIO)","난 어디에 속하는가","9.79"
"520","어린공주","코믹 동화 판타지","9.90"
"521","문어숙희숙회","문어숙회를 위하여!","9.74"
"522","라떼는 말이야","흑역사 파티원 모집","9.74"
"523","화이트데이","너흰 그냥 친구야!!","9.23"
"524","애니메이킹","애니메이션 만들기","9.46"
"525","뼈와 재, 불의 이야기","현대 판타지","9.62"
"526","나부활","나는사람을살릴수있다","9.82"
"527","나의 섭식장애 일기","섭식장애이야기","9.91"
"528","스크롤","웹툰작가 도전기","8.06"
"529","용사·마왕·우주인","낙제 용사 이야기","9.89"
"530","천사의 학교","천사반 살아남기","9.30"
"531","출근하개","강아지같은  사장","8.89"
"532","릴리스","다크판타지","9.48"
"533","촌스러운 그들","촌스러운 그들","9.66"
"534","하이스쿨 콤플렉스(마이동풍)","청춘로맨스","9.64"
"535","선녀의 신","무얼 믿으십니까?","8.55"
"536","열여섯과 스물 그 사이","툭탁 격정 로맨스","9.06"
"537","사람이라호","사람일까요","9.31"
"538","만화 임진왜란","쉽고 웃긴 임진왜란","9.77"
"539","더 휠(The wheel in the ballroom)","볼룸댄스 도전기","8.95"
"540","마법약사","포션장사하는 이야기","9.90"
"541","애플 에이지","성범죄 웹툰","9.88"
"542","괜찮아, 고3이야","너와나의 리얼고3툰","9.90"
"543","하드오피스","같은 팀 속 살인자","9.76"
"544","나도 이세계 주인공이고 싶다","이세계주인공가즈아!","8.09"
"545","한 유방암 환자 이야기","유방암 환자 이야기","9.85"
"546","더티 헬","서부극 액션 활극","9.64"
"547","마샤의 인형","소녀와인형의 이야기","9.86"
"548","등교하는 근식이","목숨을 건 개근일기","9.90"
"549","도와줘요 사신님!","인간 되기 싫어요","9.57"
"550","행복을 만드는 방법","집착감금물","9.83"
"551","용아","능력자 판타지","8.94"
"552","뿌리네 이야기","매일 가족 명랑 만화","9.77"
"553","꿈바꼭질","목숨을 건 숨바꼭질","9.88"
"554","너나들이","20대남녀연애이야기","9.87"
"555","그래도 행성은 돈다","자전이랑 공전한다","9.28"
"556","비행소년","나의 첫 친구들","9.89"
"557","기억지도","한국근현대 SF물","9.65"
"558","미스터리 록앤 시트러스","락하고 싶어요","9.68"
"559","천년나무 그늘에는 도깨비가 있다","현대 판타지 로맨스","9.48"
"560","굥이의 하루","굥이의 하루","9.67"
"561","직업 : 며느리","직접 겪은 에피소드","9.54"
"562","미친 공작을 길들여버렸다","여주가 짱인 로판","8.65"
"563","아무도 믿지마","두뇌 심리게임","9.82"
"564","이거 내 일상","자라나는 20대 삶","9.80"
"565","F I X","타임리프호러","9.34"
"566","소극적 인간","드라마 스릴러","9.62"
"567","월하의 검","요괴잡이남매의이야기","9.73"
"568","마왕이 되는 방법","자유연재","9.84"
"569","마귀","스릴러 액션","9.63"
"570","코엑시스트","로맨스 스릴러","8.72"
"571","엄마! 아빠랑 결혼하지마!!","난 이 결혼 반대!","8.25"
"572","나랑노랑~이제는 괜찮은 이야기","이젠 괜찮은 이야기","9.91"
"573","신세기 단편 동화","감성 스토리","9.88"
"574","망했다 튀어라","만화","9.83"
"575","골짜기","미스터리 단편선","9.53"
"576","밤을 거둔 신기루는","부적 남주 쟁취기","9.87"
"577","대공녀는 거기에 없었다","가상중세시대물","9.72"
"578","의자왕 체어맨","청춘 로오망 액-쑌","9.43"
"579","남쪽의 생존자","외계인vs인류 전쟁","8.04"
"580","엑스텐","매주 토요일 연재","9.86"
"581","행복을 찾다.","아마 순정만화","9.62"
"582","당신의 꿈속으로 입장합니다","한달살기 로맨스","8.85"
"583","용사 성장 프로젝트","용사 키우는 마왕","9.76"
"584","캐스팔루크","카페 판타지","9.79"
"585","新조선왕조실록","조선왕조인계자이야기","9.83"
"586","틈","틈을파고드는 이야기","9.85"
"587","손 안의 너","정체불명 미니사이즈","9.83"
"588","수누로그","수누의 기록","9.61"
"589","땅거미들","미아들의 생존일지","9.70"
"590","소녀와 동박새","소동을 피우다.","9.71"
"591","몬스터 커맨더F","몬스터 판타지","9.86"
"592","케어시트","청춘 동아리 로맨스","9.70"
"593","판타지 TV","판타지 인터넷방송","9.53"
"594","나락","나락으로 갈수없어","9.03"
"595","스토커의 하루","여자 스토커의 사랑","9.69"
"596","중간계 사우나","힐링 러브코미디","9.81"
"597","맛있는 남자","핥지마","9.88"
"598","모노톤 책꽂이","로맨스 단편집","9.29"
"599","검은 늑대","검은 늑대이야기","9.87"
"600","나의 스위치 메이트","바디체인지 로맨스","9.89"
"601","프로탈출러","추리,탈출,꿈","9.44"
"602","팔천의 독","동양 판타지 수사물","9.47"
"603","콩닥콩닥어린이집","어린이집이야기♥","9.91"
"604","BBT","붐박스 트레일러","8.37"
"605","지나온 길","학원 성장 드라마","9.39"
"606","사서고생!","어른이 되고 싶어!","9.74"
"607","서울신이전","삼천갑자동방삭의후손","9.52"
"608","열쇠의 용사 카이제루스","합체 준비 됐습니까","9.59"
"609","리플렉션","차원이동 판타지","9.37"
"610","수능0등급","고3 vs 테러범","9.09"
"611","피오키노","악마와 소년","9.67"
"612","오늘은 비","성장 로맨스","9.87"
"613","오픈 오전 11시","홍대 라이프","9.64"
"614","위닝샷!","청춘 야구 드라마","9.72"
"615","이세계 국밥 마스터","그 돈이면 국밥먹지","9.65"
"616","구나의 그랬구나","어린이집 교사냥이","9.89"
"617","고란툰","고란이의 일상이야기","8.57"
"618","거울 공주","순정만화","9.84"
"619","쿤도덥브라더스","랜선 집사 모집!!","9.88"
"620","전지적 악녀 시점","썸네일 주인공 아님","8.88"
"621","오늘을 담다.","도시락 일상이야기","9.89"
"622","우주n은하","우주에서 온 소녀들","9.87"
"623","자갈과 돌멩이",".","9.79"
"624","인문학 거저보기 ~서양철학편~","서양철학자 TMI","9.88"
"625","랑데뷰","시트콤 로맨스","9.89"
"626","밝은미래","과거로 돌아가는","9.82"
"627","루머의 법칙","캠퍼스 로맨스","9.77"
"628","짐승의 이빨처럼","작수를 죽인다.","8.09"
"629","올림포스 랩소디","제우스의 첫사랑","9.73"
"630","오십미터","오십미터","9.50"
"631","버스터즈!","이능력 범죄 소탕","9.61"
"632","울트라 바이올렛","공대생vs뱀파이어","9.78"
"633","사는 게 이게 모양?!","모양이와 일상생존기","9.75"
"634","프롬헬 용병단","할렘가 용병단 일상","9.31"
"635","채식주의자의 애완채소","스릴러, 리메이크중","9.86"
"636","탑스피드","로드 사이클","9.49"
"637","테이커","17살의 킬러","9.84"
"638","홀","구멍 속으로..","9.64"
"639","비기보이즈","패션브랜드 만들기!","8.75"
"640","혼자앤피스","일상이야기","9.68"
"641","낯가리는 관종","낯가리는 관종일기","9.83"
"642","사지선다","정답을 고르시오.","9.78"
"643","달에게서 소년에게","달으로 떠난 소년","9.44"
"644","두남자일기","평범한 동거","9.63"
"645","1인칭 외국인 시점","SOSO 프랑스생활","9.90"
"646","생존일지","사람들의 이야기","9.86"
"647","신군","하드보일드소년판타지","8.96"
"648","행운을 부르는 고양이씨","일상 판타지","9.87"
"649","식사하시라요","개성, 미슐랭☆☆☆","9.23"
"650","아이엠","파란만장아이돌라이프","9.61"
"651","신","인간이 되어버린 신","9.68"
"652","포-갓","열심히 일하는 신","9.90"
"653","이석의 맨숀","눈 떠보니 건물주!","9.22"
"654","템플러","퇴마물 엑소시스트","9.36"
"655","내과 박원장","의사가그린 의사만화","9.85"
"656","동글앤토실","19년 묵은 커플","9.87"
"657","신과 인간","신과 인간의 이야기","9.89"
"658","두꺼비집","가출청소년공포스릴러","9.75"
"659","헥세","마녀, 그리고 갱","8.91"
"660","스프린터","단편만화 모음집","9.84"
"661","모험가 용역 장씨","모험가가 된 일용직","9.80"
"662","자체공강","대학물인척하는 만화","9.86"
"663","제 소원을 들어주세요!","중요한걸 잊고있었어","9.90"
"664","도담도담","두더지 모험 힐링","9.40"
"665","스물여섯","혼자 할 수 있어!","9.46"
"666","꽃이 피는 자리","기생 식물","9.62"
"667","보충수업","바퀴벌레 소녀","9.63"
"668","냥만자객","반인반묘","9.20"
"669","포이즌캐럿","죽음도 두렵지 않은","9.35"
"670","엑스마키나","SF액션","6.81"
"671","서툴고 어리숙해도 좋아하는","내가 걜 죽였다고?","9.90"
"672","미가식당","뜨거워지는 열혈!","9.23"
"673","가온누리","저승퓨전판타지","9.15"
"674","감각의 어빌러티","-","9.86"
"675","미스터뿡","미스터 뿡의 뿡뿡뿡","9.19"
"676","식인귀","귀신이 보인다","9.59"
"677","승무원 현실 취뽀","승무원 도전 이야기","9.44"
"678","빨간맛 로맨스","미치도록 달콤한","9.85"
"679","검은유성우","동양풍 이능력물","9.83"
"680","머슬툰","근육 생기는 만화","9.15"
"681","죽는날까지","가장 나쁜 영웅","9.88"
"682","모두의 단편선","모두가함께하는웹툰","9.85"
"683","쥐인님과 나","지극히쥐덕한생활:3","9.86"
"684","공부할 시간","엘리트들의 두뇌싸움","9.83"
"685","남주만 9명?!","로맨스 판타지","9.63"
"686","하루의 하늘","삼각관계 대학생활","9.40"
"687","이탈자","사자使者와 동거동락","9.84"
"688","연애일기","소소한 연애 일상","9.90"
"689","예쁜 사나이","예쁜 사나이","9.59"
"690","잿빛악마","차기작 공지","9.85"
"691","휘게휘게: 혜날의 교환학생 라이프","덴마크 교환학생툰","9.61"
"692","타고난자","우리의 그 시절","9.59"
"693","썸라대왕","현대로맨스판타지","9.53"
"694","당할연","당신도할수있다연애","8.12"
"695","폴라로이드","사진이 만드는 인연","9.80"
"696","탄생석","능력자 판타지","9.86"
"697","발푸르기스의 너머","신과 악마의 내기","9.72"
"698","주저드","동물 마법사 이야기","9.39"
"699","클리셰","악당들의 입장에서!","9.83"
"700","닐리리맘봉","맘봉이의 하루하루","9.90"
"701","저는 용사님이 아닌데요!","마녀라고요!","9.63"
"702","그림셔틀","셔틀이 된 그림천재","9.79"
"703","그리고 이로써 차차","간판인지 병맛인지","9.22"
"704","절망 에스프레소","24시간 상담가능","9.89"
"705","이과지옥","이과 발암만화","9.75"
"706","할로윈이 끝나기 전에","매주 수요일 연재","9.89"
"707","찬란의 날","'칩'이 나타났다.","9.84"
"708","리콜 마이 라이프","내 삶을 고쳐주세요","9.69"
"709","여캠 조수희","수희의 인방 도전기","9.40"
"710","찌의일찌","찌의데일리","9.68"
"711","해피하우스","내 직업은 귀신","9.62"
"712","한 지붕 아래","다섯 바보의 이야기","9.87"
"713","AI폰 아리랑","AI폰 아리랑","9.82"
"714","방에 콕! 진댕","방에 콕! 일상툰","9.87"
"715","봄이와","육아 빙자 인생만화","9.51"
"716","무엇이든 그려드립니닷!","무엇이든그려드립니닷","9.87"
"717","사랑하는 제자들","나갈 수 없는 학교","9.66"
"718","남편 먹는 여자","남자 잡는 사주","9.65"
"719","노을지는밤","무서운 이야기를..","9.89"
"720","디바이스","게임 폐인이 게임을 통해 성장하는 이야기","9.84"
"721","Jun과 나","색있는사람들의이야기","9.89"
"722","서유신마록","삼장과오공의대모험극","9.69"
"723","이루어지리다","청춘 성장 판타지","9.67"
"724","서울크로니클 / 적우 2060년","서울크로니클","9.27"
"725","고등학교 수감기록","고삼은 존버한다","9.73"
"726","능력안경","안경장르 만화","9.90"
"727","아옹아옹","두식이 냥육일기","9.86"
"728","프레이","좀 매운 배틀물","9.67"
"729","그날, 우리들의 여름.","여고 육상 성장기","9.79"
"730","사쟈툰","사쟈를 그립니다.","8.68"
"731","백온더트랙","서른의 우리에게","8.67"
"732","저승 화랑 이야기","이승과 같은 저승","9.90"
"733","저승 화랑전","악덕 상사와 나","9.90"
"734","착한남자 김우진","20대 남자의이야기","8.27"
"735","체리 블러드","액션X판타지X로맨스","9.50"
"736","팬시x팬시","팬시 회사 로맨스!","9.65"
"737","언니가 돌아왔다","죽은언니가 돌아왔다","9.84"
"738","맹랑맘마 memory","옛날 옛날에","9.80"
"739","지몽, 선 너머의 나","운명조작히어로","9.60"
"740","그림자게임","그림자게임 3 시작","9.86"
"741","함께 할 때까지","곰신바카","9.65"
"742","찔레꽃  그너머","임진왜란과 서민의삶","9.86"
"743","메리고라운드","개그 육아 일상","9.87"
"744","블랙펄","죽지못하는 용병","9.72"
"745","햇살 주인공을 악당으로 키워버렸다","공주로 환생했다.","9.78"
"746","뫼비우스의 소설","오각관계 드라마","9.77"
"747","전염소녀","행복은 전염된다.","9.86"
"748","30일후","미래를 알게된 남자","9.59"
"749","환상의 아이들","호러판타지성장드라마","9.89"
"750","궁미일기","평범한 일상 육아","9.77"
"751","남의 사랑 이야기","조금 늦은 첫사랑","9.80"
"752","지상최강고3히어로","주인공하려는주인공","9.87"
"753","엑스트라 Z씨","Z씨의 발버둥","9.90"
"754","이상한사무실","디자인 회사 이야기","9.51"
"755","그러지 말았어야","미스터리 스릴러","9.56"
"756","미토스 리바이버","판타지 학원","9.83"
"757","운명...인가요?","나와 이어진 운명은","9.89"
"758","그날의 우리","우리들의 이야기.","9.71"
"759","네펜데스","환경 판타지 스토리","9.11"
"760","개구리툰","개구리의 일상툰","9.20"
"761","파라웨이 치킨","먼치킨알바들과사장","9.69"
"762","마물전담부대","마물을 사냥하는부대","9.89"
"763","애포칼립스","좀베창궐 문명파괴","9.10"
"764","금빛아이는 새벽을 달린다","미래를 향한 여정","9.89"
"765","오늘,응","응의 소소한 오늘","9.78"
"766","밤을 삼킨 아이","악귀 추적 스릴러","9.59"
"767","우리는 친한친구","친한친구 이야기","9.36"
"768","무존재감","[<U+200B><U+200B><U+2009><U+2009><U+2000><U+2004><U+200B><U+200B>]","9.61"
"769","박수고딩","무당 액션 활극!","9.08"
"770","타챠노트","프리랜서일기","9.81"
"771","강가네","사남매 가족 적응기","9.90"
"772","버그 트레인","NPC들의 생존기","9.84"
"773","여자 공수혁","수혁이 학원기","9.89"
"774","전송","살아있을까","9.23"
"775","심연","비윤리적인 실험","9.75"
"776","연기는 처음인데요?!","내가 연기천재였다니","9.59"
"777","그리고 아무 일도 없었다.","그녀석과 만난 이야기 학원개그로맨스","9.82"
"778","재테크는 스크루지","초보자용 재테크웹툰","9.76"
"779","너와 나의 하늘색","웹툰창작 청춘로맨스","9.69"
"780","악귀의 메아리","괴의허다 괴의혀~","9.62"
"781","사랑의 헌옷수거함","짝사랑은 이제 그만","9.74"
"782","다 정한 꿈","바라던 꿈에 갇히다","9.74"
"783","좀비랜드","좀비랜드 탈출기","9.57"
"784","팔재叭災","도사와 겨울아들","9.74"
"785","확진자Z","확진자Z","9.37"
"786","우리는한팀","어느 가족 이야기","9.08"
"787","피지 않는 꽃","너, 귀신이 보여?","9.84"
"788","오늘의 컨셉","시리즈 정식연재","9.52"
"789","포로롱 포롱","수인들의 학교생활","9.85"
"790","로맨스를 찾아줘","어디있니, 내사랑!","9.76"
"791","러브 햄츄얼리","햄지 연애 성공기","9.69"
"792","공원여행","과거로 돌아온 옹주","9.17"
"793","캐세랑세라","디스 이즈 러브!","9.89"
"794","거미의 상자","일하는악마는 피곤해","9.90"
"795","그들의 사정","피폐, 지독한 악연","9.04"
"796","빨간 고백","널 기다려","9.74"
"797","윤이나는남자","윤이나는남자","9.52"
"798","계약인싸","계약직 인싸","8.88"
"799","그녀의 시크릿 사운드","로맨스판타지","9.81"
"800","청춘갱신","#사랑#우정#성장","9.69"
"801","애쉬그레이","판타지","9.89"
"802","이승전결","영적장애 저승사자","9.69"
"803","내 열정은 최고조!","일상 에피소드!","9.56"
"804","너와 나의 몰디브","30대 연애와 결혼","9.41"
"805","지신전","12지신동양판타지","8.80"
"806","마법소년 근무일지","","9.78"
"807","(Old)악마법소녀","마법과 내뱉은 말","9.88"
"808","한 뼘 공포집","조금 찝찝한 이야기","9.65"
"809","서폿저택에 어서오세요","서폿만 사는 저택","9.87"
"810","주름진 사장님","노안 사장님의이야기","9.51"
"811","나타나주세요!","내 눈앞에!","9.54"
"812","어디사세요","맞춤형아파트프로젝트","9.82"
"813","짜이타임","부부 고양이 일상툰","9.87"
"814","자본주의가 낳은 괴물","자낳괴의 학교제패기","9.01"
"815","살인범과 산다","동네에일어난연쇄살인","9.17"
"816","타인 행성 표류기","이게 무슨 일이야","9.65"
"817","막장동화에 어서오렴! (feat.동화원정대)","막장 판타지 동화!","9.26"
"818","내 룸메이트는 마네킹","마네킹과 산다고 ?","9.81"
"819","오늘도 그래고래","힐링 미스터리 웹툰","9.83"
"820","고양이 마법학교","마법배우는 고양이들","9.80"
"821","너의 여집합","네가 없는 세상","9.86"
"822","몽글툰","백수돼지는 게임중","9.73"
"823","엑스프렌즈","이별 사연 에피소드","9.84"
"824","니사정 내사정","모든일엔 이유가있다","9.19"
"825","뿅가이","간다 간다 뿅간다","9.87"
"826","사랑하는 제자들","나갈 수 없는 학교","9.79"
"827","86'd","주방 만화","9.85"
"828","수영만화일기","저질체력,수영-하다","9.85"
"829","슬픔을 먹는 남자","성장물,감성,판타지","9.89"
"830","미줌툰","미국 줌마의 일상","9.89"
"831","무선혜드셋 정보툰!!","잡상식을 재미있게","9.89"
"832","괴물의 바다","바다로 가는 이야기","9.89"
"833","칠흑","심연의 그림자","9.49"
"834","브레인 스톰","기억들의 배틀로얄","9.88"
"835","연습생 고영신","아이돌 연습생","9.85"
"836","너는 내게","청춘 로맨스","9.89"
"837","흙수저를 위한 나라는 없다","흙수저 성장기","9.60"
"838","집에가고싶다","집곰팡이의 일상","9.90"
"839","목소리의 그늘","성우, 성장 로맨스","9.90"
"840","폭렬!! 극강초맹반","슈트액션무협포스","9.57"
"841","쓰지만 달콤해","성장 로맨스","9.13"
"842","원스 인 어 블루문","초능력은 거들 뿐","9.82"
"843","지나치게 달콤한","알바생VS아이돌","9.85"
"844","도깨비 장난","혁명 액션 판타지","9.88"
"845","나를 죽이는 방법","지워낼수 없는 후회","9.84"
"846","미용사 : LOST HERO","전직용사현직미용사!","9.72"
"847","은하!","정 식 연 재","9.88"
"848","소피아가 머리카락을 쓸어넘길 때","학원 일상 추리","9.89"
"849","픽셔너","그들의 이상한 일상","9.64"
"850","여름에 내리는 서리","2025.08.28","9.10"
"851","베이퍼 정키스","퓨처 느와르","9.35"
"852","토마","의문의 전학생","9.44"
"853","A girl like alien","외계인 같은 소녀.","9.82"
"854","뼈의 시간","병원 호러스릴러","9.77"
"855","쓰레기 성의 소녀","만화 속 세상이야기","9.90"
"856","음악의 길","퓨전 뮤직 액션","9.16"
"857","이래서 애들은","다양한장르의 거짓말","9.89"
"858","용사 신드롬!","모험 로맨스 판타지","9.59"
"859","용은 범을 잡아먹지 않는다.","용과 싸우는 소년","9.73"
"860","우리들의 우상은","무한긍정도시 탈출기","9.84"
"861","소소일기","소소한 일상","9.60"
"862","해결사","해결사를 하는 소년소녀의 일상물","9.88"
"863","달기알","달걀 닮아서 달기알.","9.88"
"864","디 언더사이즈드(THE UNDERSIZED)","고등학교농구부이야기","9.53"
"865","이름 없는 나에게","윤하와 주변 이야기","9.13"
"866","점성술사","점쟁이들 이야기","9.60"
"867","모지리전","바보 무리 기록본","9.23"
"868","자유의 경계","감옥액션스릴러","9.80"
"869","봄날의 산보","봄날에 산보하듯","9.82"
"870","타이트엔드","미식축구 만화","9.47"
"871","귀염뽀짝 애기뚱냥 뽀냥이","귀염뽀짝한 애기뚱냥","9.84"
"872","사도 신여랑傳","초 자유연재 입니다","9.50"
"873","츤데레","남정네 넷의 츤츤","9.87"
"874","래빗 콤바치!","주짓떼라 생활툰","9.65"
"875","한국 프로야구사","프로야구 역사만화","9.54"
"876","루커피쳐","꿈이 뭐예요?","9.89"
"877","달콩달콩 일상","바카와 호두","9.82"
"878","도례 (道禮)","초능력의 기원","8.78"
"879","얼어붙은 아로와향기","청춘들의 쿨 로맨스","8.84"
"880","39℃","꿈을 이루는 끈기","7.87"
"881","CAFE_쉬어가게","누구나 쉬어가는 곳","9.78"
"882","천사는 야옹","고양이가 사실 천사","9.90"
"883","업사이클 다이어리","버리면 애물단지 손대면 나만의 예술작품","9.68"
"884","누나 한입만화","4컷 일상 먹툰","9.90"
"885","나는 부활 마법을 가졌다","부활판타지","9.85"
"886","좀비가 된 세상에서 마법사는","좀비와 마법사","9.32"
"887","너어는지인짜","당근 맛집","9.68"
"888","왕립 루브리카 종합학원","판타지학원물","9.90"
"889","싸카소녀","소녀들의 스뽀오츠!","9.84"
"890","악인","현대판타지 스릴러","9.77"
"891","야귀록","귀신과 사람이야기","9.75"
"892","어쩌다 보니 용사가","용사가 허접 쩌리?","9.64"
"893","개인적인택시","음악이 흐르는 택시","9.89"
"894","비공략 캐릭터를 공략하는 방법","게임캐를 공략하라!","9.25"
"895","아수라게이트","아수라 죽이기","9.46"
"896","빨간 물고기","엄마에 대한 애증","9.89"
"897","달맞이꽃","동양판타지","9.82"
"898","용사님이시다","정통 판타지 만화?","9.85"
"899","풋내기들","청춘하숙 로맨스","9.53"
"900","이상징후(異常徵候)","초능력이 아닙니다.","9.85"
"901","꽃밭에서","잊어버린 것","9.87"
"902","웨일즈","인어와 인어사냥꾼","9.90"
"903","똥두","사춘기 소녀의 일상","9.69"
"904","망생이 전투","기계가 일해주는줄","9.67"
"905","흐르는 바닷불처럼","해귀에게서 살아남기","9.78"
"906","날것","해묵은 그림 일기장","8.84"
"907","처음이잖아","괜찮아. 처음이잖아","9.53"
"908","저주와 별가루","저주와 별가루","9.75"
"909","상그미상","일상툰!","9.88"
"910","엔드시즌","초딩들의 야구","9.57"
"911","겨까게 사랑한다","반려묘와자취라이프","9.49"
"912","판타스틱 시니어","로라의 성장","9.88"
"913","번혼","용이 되어라!","9.11"
"914","오마이갓","신을 뽑는 오디션","9.58"
"915","이웃집 유부녀","일상툰","9.90"
"916","여기야! 헤드볼 빌리지","헤드볼친구들의대모험","8.96"
"917","쌍둥이부부일기","똑닮은 가족 일기","9.87"
"918","꿈무덤","꿈 속의 이야기","9.82"
"919","오늘밤 야식을 먹는다","오늘밤 야식 어때?","9.45"
"920","일주일 지구체험","외계인과의 일주일","9.78"
"921","베트남 프렌즈 여행기","여행장려웹툰","9.86"
"922","할짝 심리학","심리학 겉핥기","9.88"
"923","냥만연애툰","귀욤뽀짝 개그일상툰","9.54"
"924","52번지 몬스터","설렘살벌 로맨스릴러","9.61"
"925","과한가족","조금 과한 그들","9.88"
"926","웰시네 부부에세이","삶 그림에세이","9.59"
"927","별의아씨","-","9.59"
"928","무대에 서지 않지만 배우입니다","배우 지망생 이야기","9.85"
"929","성장통 소나타","예체능 로맨스","9.89"
"930","불편해요, 선배님!","캠퍼스 로맨스","9.90"
"931","안녕 톡톡","안녕하세요","8.95"
"932","무인도 Vlog","무인도 생존Vlog","8.83"
"933","양치기 소년","당신의 거짓말","9.78"
"934","솔직히 말해서","로맨스판타지개그만화","9.67"
"935","중등 생활 보고서","현실 중딩 보고서","8.99"
"936","바람과 소원","꿈을 위해서라면","9.81"
"937","아파트용사","아싸인생 이세계로!","9.43"
"938","쏘 판타지","So fantasy","9.87"
"939","컷","NG없인 성장도없다","9.66"
"940","어느 남고생의 하루","말하는강아지가사실은","9.88"
"941","은해갑을깝치","은해갑/깝치을","9.24"
"942","악마의 육아일기","따뜻한 이야기","9.83"
"943","유진의 환상특급열차","유진의 여행기","9.88"
"944","킬러5","다섯 명의 킬러들","9.83"
"945","이 몸은 신이니라!","카이즈","9.62"
"946","룩앤미","아름다움의 가치","9.53"
"947","헬로사이공","따뜻한 이야기들","9.88"
"948","모야툰","모야의 일상","9.68"
"949","살문 (殺門)","살인과 관상","9.67"
"950","잠자던 숲속의 공주","잠자던 공주 귀환기","9.66"
"951","포도나무 소녀","포도나무","9.77"
"952","가면","욕망 판타지","9.52"
"953","바람과 소원(구: 바람을 실은 메아리)","꿈을 위한 거짓말을","9.49"
"954","좋운날","좋운날 보내셨나요?","9.90"
"955","여행 다운","TMI 여행일지","9.87"
"956","아빠 내일은 뭐하고 놀까?","조금은 특별한 아버지와 아들의 이야기","9.77"
"957","따뜻한 나의 코코","우리들을 위한 이야기","9.89"
"958","하임의 서재","비블리오 판타지","9.89"
"959","언데드의사 김해골","던전의 몬스터의사 김해골","9.90"
"960","이상한 낙원의 넬리쉬","이세계? 이상세계!","9.71"
"961","A - STUDENT(모범생)","사악한 본성","9.61"
"962","두 개의 무덤을 팠다","그날의 복수를 위해","9.89"
"963","20&21세기남매","9살차남매일상툰!","9.61"
"964","알콜일기","취할것같은 이야기!","9.88"
"965","선선한 이야기","선선한 하루 되세요","9.66"
"966","부사관 후보생, 유아미!","청춘성장드라마","9.05"
"967","이온","☆★☆★","9.73"
"968","여의도","여의도 좀비서바이벌","9.74"
"969","설레이는 나날","고양이 반려일상!","9.83"
"970","후르츠렌즈!","과일들중인연찾기!","9.79"
"971","웹툰왕","웹툰 작가 도전기","8.88"
"972","연애문학","옆집 사는 소설가","9.56"
"973","두 번째 문리버","은퇴한 피겨선수","9.78"
"974","달의 문지기(휴재)","달토끼 이야기","9.36"
"975","메멘토모리","죽음을 기억하라!","9.86"
"976","아틀레냐","치유계 판타지(完)","9.87"
"977","어른이","어른이 되어가는 중","9.68"
"978","공허의 숲","공허에 잡아먹히다.","9.53"
"979","프러미스 : 증오의 찬가",".","9.42"
"980","스푸키 멜로디","악몽 동화 이야기","9.88"
"981","국밥왕","그것이 국밥이니까.","8.73"
"982","스크럼블 에그!","농촌 판타지 시트콤","9.83"
"983","도사님 도사님","사주 드라마","9.25"
"984","벨시토","추억과 환상.","9.77"
"985","플라시버","믿음대로 될지어다!","8.68"
"986","모솔탈출 일대기","모쏠 탈출 일대기!","9.65"
"987","이별의 플라시보","어른의 로맨스","9.77"
"988","가라사대","종교개그일상","9.64"
"989","3인3색 세쌍둥이","리얼삼둥이의개그일상","9.83"
"990","달리자, 콜롬비아!","콜롬비아로 떠나자!","9.74"
"991","가족같은회사","완결","9.87"
"992","바이러스 X","각성자,생존,능력물","9.48"
"993","아파지는 중입니다","청춘남녀 성장로맨스","9.74"
"994","너머의 항하사","육도퇴마소년판타지","9.78"
"995","이리(iri)","격주 일요일","9.45"
"996","STONE AGE","스릴러 판타지","9.89"
"997","곤충전","판타지","9.86"
"998","덴큐","끝나지 않은 이야기","9.72"
"999","화분","그런 세상 이야기","9.92"
"1000","돌레인더시티","본격 여행가는 만화","9.83"
"1001","아재소녀","시즌2 !!","9.72"
"1002","하아의 하루","강아지 일상툰!","9.77"
"1003","노바","코지 미스테리 로판","9.83"
"1004","사업왕 심길후","사업왕 심길후","9.65"
"1005","인생은 너울너울","전직 항해사 일기","9.65"
"1006","나의 수상한 행성","0229*","9.84"
"1007","무지개다리 파수꾼","동물의 말이 들린다","9.74"
"1008","골신 파람","新 무림 세계","8.95"
"1009","트랜스휴먼","코딩영재의 죽음","9.77"
"1010","신의 마녀","자칭마녀와신비한소년","9.87"
"1011","빵뽀시래기","빵집 알바 해봤니?","9.89"
"1012","이런우정","유쾌한 친구들 얘기","9.83"
"1013","쉼터에 살았다","쉼터 생활툰","9.90"
"1014","이매망향 <U+9B51>魅望香","이매인가, 망량인가","9.75"
"1015","청부업자와 소년의 이야기","청부업자와 소년의 잔잔하고 슬픈 이야기","9.89"
"1016","우로보로스","시간여행판타지시대극","9.44"
"1017","미대생 댕댕","미대생의 삶","9.85"
"1018","백의사자","카카오웹툰-백의사자","9.85"
"1019","코스믹 코믹스","태양계 일상","9.89"
"1020","공주님은 알바중","이세계에서 알바중","9.65"
"1021","문러버","달을 쫓는 소년","7.65"
"1022","에밀리 이야기","어딘지 학교가 익숙하지 않은 에밀리의 학교적응 이야기","9.76"
"1023","해동요","동양 판타지 서사극","9.01"
"1024","전기수 VLog","전기수와 인방","7.78"
"1025","결벽증 소녀","입시 미술하는 만화","9.90"
"1026","기프트!","판타지","9.87"
"1027","마음의 온도","마음의 온도","9.85"
"1028","핫차!핫차! 차나무生","차나무 시트콤","9.32"
"1029","여름의 퀄리아","저주에 걸린 소년","9.19"
"1030","냥모나이트","냥이와 여자사람의 동거툰","9.82"
"1031","LIVE 썸&쌈","20대들의 이야기!","9.43"
"1032","나라 구한 전생","나라를 구했습니다.","9.89"
"1033","봉다리","동네농구 이야기","9.61"
"1034","우주수렴법칙","SF 옴니버스","9.76"
"1035","이오타","케이 아이가 만났다","8.86"
"1036","이왕이면 아이돌","왕세자가 아이돌?","9.69"
"1037","Hello Death! [헬로데스]","세상엔신들이너무많아","9.84"
"1038","리얼 김영감 게임","우리 할아버지가?!","9.69"
"1039","은룡여린설","신과 인간의 이야기","9.88"
"1040","진짜 다 이루어줘","나의 행운 찾기?","9.15"
"1041","동거의 법칙","반세기세대차이룸메이트","9.88"
"1042","드리머즈","꿈과 의문의 사건들","9.31"
"1043","학교다녀오겠습니다","군필남고생 이야기","9.43"
"1044","손근손근","수어로 전하는 사랑","8.67"
"1045","시간이 머문 집","정식연재","9.88"
"1046","시바하루 (시바견의 하루)","기숙사  일상물","9.56"
"1047","꼬리잡기","서바이벌게임","9.28"
"1048","바다의 끝에는 언제나 그 아이들이 있었다.","섬에 남은 자매.","9.89"
"1049","다시 만나요","현실이 된 너","9.21"
"1050","개인사생활","죽고 나서야 갖게 된 안정적인 삶","9.63"
"1051","크리비 (Crea.B)","몬스터 액션 판타지","9.76"
"1052","멋도모르는여자","개그+달달=개달달툰","9.82"
"1053","신기한 오늘","초능력을 쓰는 소녀","9.52"
"1054","오롯이 당신을 위한 식탁","아기주부 생존식탁툰","9.77"
"1055","숙천","단 한 번뿐인 생.","9.78"
"1056","달콤포근 베이커리","맛있는 로맨스","9.79"
"1057","별이 내린 여름날","마법과 기적","9.75"
"1058","오십과 오십의 세계","연재중단","9.86"
"1059","모브","2097년 드라마","9.86"
"1060","죽탱이","MMA 종합격투기","8.50"
"1061","오버사이즈러브","우리의차이는17cm","9.71"
"1062","종이비행기를 날리면","첫사랑을 다시 만나러","9.83"
"1063","사랑을,너에게","학원성장물","9.89"
"1064","달과 바다와 관찰자","근미래 여행 모험 SF","9.87"
"1065","꿰인 탄","초특급 우주 놈팽이","9.37"
"1066","멍멍이랑","멍멍","9.90"
"1067","솔로의 연애","연애할 수 있을까~","9.89"
"1068","남겨진 것들의","[설명]","9.72"
"1069","알바생 노미래","가게 파괴 알바생!","9.36"
"1070","그래도 조금 공부되는 만화","황당 수업 진행","9.21"
"1071","기행 공포단편집","공포만화 단편선","9.89"
"1072","비밀곰","비밀의 문을 지켜라","9.11"
"1073","헤어지는 시간","예지몽 로맨스스릴러","9.33"
"1074","신선님과 함께","소녀와 신선","9.88"
"1075","다락방을 찾아서","꿈 속 이야기","9.46"
"1076","드림캡슐(Dream Capsule)","자유연재","9.90"
"1077","메이커","만들기 액션!","9.74"
"1078","라면순대","30대의 웃긴 일상","9.75"
"1079","스페로 스페라","사신 판타지","9.88"
"1080","오늘도 랄라","마이웨이 랄라이야기","9.74"
"1081","옆집에 신이산다","로맨스 판타지","9.72"
"1082","엘레노이 아타락시아","세계를 구하는 소녀","9.87"
"1083","밀지","독살사건의 음모","9.74"
"1084","블러드문","로맨스 판타지","9.74"
"1085","무감각자들","미스터리로맨스","9.63"
"1086","비차의 캘리툰, 첫 단추","스무살, 첫 단추.","9.85"
"1087","동물화실","동물이야기","9.91"
"1088","아버지 이야기","이야기들 개그/일상","9.84"
"1089","젤리빈 하우스","신비의 보석 젤리빈","9.80"
"1090","건곤일척 아랑전","노름꾼길동의이야기","9.58"
"1091","웰캄 투 실버라이프","할머니! 할아버지!","9.90"
"1092","언메이크","에어 아포칼립스","9.26"
"1093","시선의차이","변화하는 고교생활","9.41"
"1094","랜드라이프","상어의 육지 생활","9.89"
"1095","이브의 꿈속친구","꿈에서 만난 친구","9.86"
"1096","별을 삼킨 너에게","반드시 행복해질거야","9.67"
"1097","해피엔딩을 위하여","현대 판타지 로맨스","9.45"
"1098","말랑말랑 생활사","말랑말랑한 생활","9.68"
"1099","괴신","모두 , 괴신이었다","9.85"
"1100","앨리스를 위하여","새로운앨리스이야기","9.87"
"1101","여긴 어디","칭다오 일상툰","9.89"
"1102","드래곤 카이트","드래곤 카이트","9.59"
"1103","별님 아래 귤님","먹방 로맨스!","9.69"
"1104","안녕, 나의 길고양이","길고양이와 공대생","9.84"
"1105","-","중단","9.89"
"1106","배럴","본격 다트웹툰","9.51"
"1107","아베 마리아","시합의 숨겨진 진실","9.87"
"1108","모던 던전 판타지아","현대풍 던전판타지.","9.83"
"1109","라스가에!","판타지 시트콤!","9.89"
"1110","너에게 말하지 못한 얘기","몽환판타지.","9.85"
"1111","내게 거짓말을 해봐","내게 거짓말을 해봐","8.68"
"1112","냐아! 미술학원","입시미술하는 만화","9.62"
"1113","도니월드","카툰초보 아저씨의 좌충우돌 일상기","8.24"
"1114","철의 낙원","피와 철의 액션.","9.05"
"1115","바(Bar)","성장 드라마","9.87"
"1116","순진한 로웰씨","병맛직딩일상툰","9.85"
"1117","이제 오냥?","순살 크런키 치킨과 가족들의 이야기","9.85"
"1118","자각몽","자각몽을 꾸는 소녀","9.89"
"1119","2015 범죄스릴러 에스","과거에 있었던 연쇄살인사건.. 막아야만한다.","9.65"
"1120","조국이 당신을 원한다","오작교에 입대했다.","9.89"
"1121","3번째 도막","개그 일상 이야기","9.86"
"1122","환상법사","악당이 평범해졌다","9.47"
"1123","시월의 로맨스","스타와 기자의 연애","9.17"
"1124","널 마주할 용기눈","눈 맞춰도 될까?","9.15"
"1125","반연(絆緣)","토요일 저녁에만나요","9.90"
"1126","전기수","한국전통괴물 퇴마","9.87"
"1127","바다다람지 육지상어","귀염뽀짝현실연애","9.10"
"1128","스투피즈","새내기 일상툰","9.89"
"1129","체리블로섬","너를 만나고 싶어","9.89"
"1130","시간의 뒷면","위험한 시간여행","9.52"
"1131","휘슬링","사랑의 신 에로스","9.53"
"1132","오픈했어요 <매직컬 마카롱>","마카롱가게에서~","9.90"
"1133","왕후의 제국","고구려의 우씨 왕후","9.84"
"1134","충충의 하루","충충의 하루","9.66"
"1135","긁적긁적","취준생과 길냥이","9.42"
"1136","모서리에서","진진이와 친구들","9.31"
"1137","Tilly the spiky hands","뾰족뾰족 포크가족","9.88"
"1138","오늘 하루도 말랑멜랑","웃픈 우울증 이야기","9.88"
"1139","내 이름을 불러줘","인생을 바꿀 기회!","9.70"
"1140","빌런스쿨","슈퍼빌런 학원물","9.79"
"1141","급식이조아","리얼 급식 성장기","8.81"
"1142","여우비 전설","10대 로맨스판타지","8.92"
"1143","잉여특공대","고딩-슈퍼히어로맨스","9.87"
"1144","뷰티풀 선샤인","추억속의따뜻한이야기","9.06"
"1145","지금은 여관주인!!","판타지속 여관이야기","9.90"
"1146","범이올시다!","방실의 범집사 일기","9.89"
"1147","피노키오의 소녀","수상한 마을의 비밀","9.73"
"1148","HAVE A NICE DAY","일상을 그린 이야기","9.77"
"1149","야옹방범대","출동 엘리트 고양이","9.90"
"1150","익숙한 땅콩들","소소한 청춘","9.84"
"1151","하늘연달 연정","인어X장군사극로맨스","9.19"
"1152","현세이의 보이는 라디오","현세이입니다!","9.89"
"1153","스쿨워터","학교물","9.81"
"1154","EQ","미스터리 공감로맨스","9.77"
"1155","향기방기 연애일기","엉뚱발랄 연애일기","9.65"
"1156","술타는청춘","청춘들의 개그 일상","9.68"
"1157","파차마마의 마법","위험천만 남미여행기","9.88"
"1158","우리들의 구미호","한국요괴 이야기","9.71"
"1159","가짜 좀비왕 4컷","가짜좀비왕의 일상","8.76"
"1160","비밀의 화분","비밀의 꽃?!","9.60"
"1161","魂지킴이","상처받은 영혼에 위로를.....","9.77"
"1162","예쁜인력","노근본 초인노동시장","8.71"
"1163","퇴마부","와플, 우냐","9.82"
"1164","상어 이야기","수영으로 성장하기.","9.43"
"1165","인생사진","타임리프 옴니버스","9.69"
"1166","아마데우스","살인연극의 개막","9.84"
"1167","1시간 30분","비글과 아웃사이더","9.89"
"1168","다르디움","기계와 마법의 세계","9.87"
"1169","고양이로 살고 있습니다","고양이 지식, 일상","9.89"
"1170","영웅 소녀","사랑과 전쟁","9.15"
"1171","개그잡종","개그 단편만화","9.30"
"1172","보이지 않는 사람","본격동거로맨스","9.10"
"1173","헬로도사","도사와 미아망자","9.82"
"1174","나 좀 내버려둬!","용과 여의주 전설","9.68"
"1175","건마왕증","건망증 심한 마왕.","9.71"
"1176","개시","광해군과 김개시의政","9.88"
"1177","키치 꼬치","애증의 미학","8.16"
"1178","케미스트리","댄싱로맨스성장드라마","8.12"
"1179","도화","동양 액션 판타지.","9.85"
"1180","공대생툰","공대생의 일상","9.78"
"1181","스페셜 게스트","순정시대","9.82"
"1182","잊을 수 있을까","미스테리 스릴러","9.55"
"1183","푸므로 달려와","아빠와 딸","8.83"
"1184","평범한 이계의 여고생","차원이동 여고생","9.86"
"1185","달리자, 호주!","본격호주워킹만화","9.78"
"1186","누루쿠타 소녀","알수없는 어떤 소녀","9.86"
"1187","너의 언어","미성숙 대학 로맨스","9.87"
"1188","프리즘","무의식의 색","9.82"
"1189","시인 없이","시인을 위한 기록","9.85"
"1190","설단","옴니버스 공포_설단","9.76"
"1191","바닷속의 춘향","물고기도 사람인데","9.78"
"1192","견우화","부도덕한 도사","9.87"
"1193","스타의 학교생활","학교 관찰 예능쇼","9.76"
"1194","나눠먹는 로맨스","음식&로맨스","9.70"
"1195","오늘은 꼭 고백할 거야!","겉바속촉남의 짝사랑","9.88"
"1196","긩긩이의 평범한 일상","소박하고 따뜻한ㅡ","9.88"
"1197","천진난만 하루","천진이의 일상이야기","9.90"
"1198","투애니스(20's)","레스토랑 드라마","9.52"
"1199","러비스","넌 너대로 빛나!","9.79"
"1200","너를 만나다","어느날 너를 만나다","9.89"
